Unity Editor version:    6000.0.35f1 (9a3bc604008a)
Branch:                  6000.0/release
Build type:              Release
Batch mode:              YES
macOS version:           Version 15.3.1 (Build 24D70)
Darwin version:          24.3.0
Architecture:            arm64
Running under Rosetta:   NO
Available memory:        36864 MB
Using pre-set license
Pro License: YES

COMMAND LINE ARGUMENTS:
/Applications/Unity/Hub/Editor/6000.0.35f1/Unity.app/Contents/MacOS/Unity
-adb2
-batchMode
-noUpm
-name
AssetImportWorker0
-projectPath
/Users/davidcruz/FirstPerson_shooter122025
-logFile
Logs/AssetImportWorker0.log
-srvPort
63230
-job-worker-count
5
-background-job-worker-count
8
-gc-helper-count
1
Successfully changed project path to: /Users/davidcruz/FirstPerson_shooter122025
/Users/davidcruz/FirstPerson_shooter122025
[UnityMemory] Configuration Parameters - Can be set up in boot.config
    "memorysetup-bucket-allocator-granularity=16"
    "memorysetup-bucket-allocator-bucket-count=8"
    "memorysetup-bucket-allocator-block-size=33554432"
    "memorysetup-bucket-allocator-block-count=8"
    "memorysetup-main-allocator-block-size=16777216"
    "memorysetup-thread-allocator-block-size=16777216"
    "memorysetup-gfx-main-allocator-block-size=16777216"
    "memorysetup-gfx-thread-allocator-block-size=16777216"
    "memorysetup-cache-allocator-block-size=4194304"
    "memorysetup-typetree-allocator-block-size=2097152"
    "memorysetup-profiler-bucket-allocator-granularity=16"
    "memorysetup-profiler-bucket-allocator-bucket-count=8"
    "memorysetup-profiler-bucket-allocator-block-size=33554432"
    "memorysetup-profiler-bucket-allocator-block-count=8"
    "memorysetup-profiler-allocator-block-size=16777216"
    "memorysetup-profiler-editor-allocator-block-size=1048576"
    "memorysetup-temp-allocator-size-main=16777216"
    "memorysetup-job-temp-allocator-block-size=2097152"
    "memorysetup-job-temp-allocator-block-size-background=1048576"
    "memorysetup-job-temp-allocator-reduction-small-platforms=262144"
    "memorysetup-allocator-temp-initial-block-size-main=262144"
    "memorysetup-allocator-temp-initial-block-size-worker=262144"
    "memorysetup-temp-allocator-size-background-worker=32768"
    "memorysetup-temp-allocator-size-job-worker=262144"
    "memorysetup-temp-allocator-size-preload-manager=33554432"
    "memorysetup-temp-allocator-size-nav-mesh-worker=65536"
    "memorysetup-temp-allocator-size-audio-worker=65536"
    "memorysetup-temp-allocator-size-cloud-worker=32768"
    "memorysetup-temp-allocator-size-gi-baking-worker=262144"
    "memorysetup-temp-allocator-size-gi-baking-worker=262144"
    "memorysetup-temp-allocator-size-gi-baking-worker=262144"
    "memorysetup-temp-allocator-size-gi-baking-worker=262144"
    "memorysetup-temp-allocator-size-gi-baking-worker=262144"
    "memorysetup-temp-allocator-size-gfx=262144"
Player connection [8471791680]  Target information:

Player connection [8471791680]  * "[IP] 10.123.8.124 [Port] 0 [Flags] 2 [Guid] 3735417103 [EditorId] 3735417103 [Version] 1048832 [Id] OSXEditor(0,Davids-MacBook-Pro-4.local) [Debug] 1 [PackageName] OSXEditor [ProjectName] Editor" 

Player connection [8471791680] Host joined multi-casting on [225.0.0.222:54997]...
Player connection [8471791680] Host joined alternative multi-casting on [225.0.0.222:34997]...
JobSystem: Creating JobQueue using job-worker-count value 5
Input System module state changed to: Initialized.
[Physics::Module] Initialized fallback backend.
[Physics::Module] Id: 0xdecafbad
Library Redirect Path: Library/
[Physics::Module] Selected backend.
[Physics::Module] Name: PhysX
[Physics::Module] Id: 0xf2b8ea05
[Physics::Module] SDK Version: 4.1.2
[Physics::Module] Integration Version: 1.0.0
[Physics::Module] Threading Mode: Multi-Threaded
Refreshing native plugins compatible for Editor in 1.33 ms, found 2 plugins.
Preloading 0 native plugins for Editor in 0.00 ms.
Initialize engine version: 6000.0.35f1 (9a3bc604008a)
[Subsystems] Discovering subsystems at path /Applications/Unity/Hub/Editor/6000.0.35f1/Unity.app/Contents/Resources/UnitySubsystems
[Subsystems] Discovering subsystems at path /Users/davidcruz/FirstPerson_shooter122025/Assets
GfxDevice: creating device client; kGfxThreadingModeNonThreaded
 preferred device: Apple M3 Pro (high power)
Metal devices available: 1
0: Apple M3 Pro (high power)
Using device Apple M3 Pro (high power)
Initializing Metal device caps: Apple M3 Pro
Initialize mono
Mono path[0] = '/Applications/Unity/Hub/Editor/6000.0.35f1/Unity.app/Contents/Managed'
Mono path[1] = '/Applications/Unity/Hub/Editor/6000.0.35f1/Unity.app/Contents/MonoBleedingEdge/lib/mono/unityjit-macos'
Mono config path = '/Applications/Unity/Hub/Editor/6000.0.35f1/Unity.app/Contents/MonoBleedingEdge/etc'
Using monoOptions --debugger-agent=transport=dt_socket,embedding=1,server=y,suspend=n,address=127.0.0.1:56686
Begin MonoManager ReloadAssembly
Registering precompiled unity dll's ...
Register platform support module: /Applications/Unity/Hub/Editor/6000.0.35f1/PlaybackEngines/WebGLSupport/UnityEditor.WebGL.Extensions.dll
Register platform support module: /Applications/Unity/Hub/Editor/6000.0.35f1/Unity.app/Contents/PlaybackEngines/MacStandaloneSupport/UnityEditor.OSXStandalone.Extensions.dll
Register platform support module: /Applications/Unity/Hub/Editor/6000.0.35f1/PlaybackEngines/WindowsStandaloneSupport/UnityEditor.WindowsStandalone.Extensions.dll
Registered in 0.001205 seconds.
- Loaded All Assemblies, in  0.236 seconds
Native extension for WindowsStandalone target not found
Native extension for OSXStandalone target not found
Native extension for WebGL target not found
Mono: successfully reloaded assembly
- Finished resetting the current domain, in  0.209 seconds
Domain Reload Profiling: 445ms
	BeginReloadAssembly (71ms)
		ExecutionOrderSort (0ms)
		DisableScriptedObjects (0ms)
		BackupInstance (0ms)
		ReleaseScriptingObjects (0ms)
		CreateAndSetChildDomain (0ms)
	RebuildCommonClasses (25ms)
	RebuildNativeTypeToScriptingClass (9ms)
	initialDomainReloadingComplete (26ms)
	LoadAllAssembliesAndSetupDomain (105ms)
		LoadAssemblies (72ms)
		RebuildTransferFunctionScriptingTraits (0ms)
		AnalyzeDomain (102ms)
			TypeCache.Refresh (102ms)
				TypeCache.ScanAssembly (94ms)
			BuildScriptInfoCaches (0ms)
			ResolveRequiredComponents (0ms)
	FinalizeReload (209ms)
		ReleaseScriptCaches (0ms)
		RebuildScriptCaches (0ms)
		SetupLoadedEditorAssemblies (181ms)
			LogAssemblyErrors (0ms)
			InitializePlatformSupportModulesInManaged (24ms)
			SetLoadedEditorAssemblies (3ms)
			BeforeProcessingInitializeOnLoad (33ms)
			ProcessInitializeOnLoadAttributes (80ms)
			ProcessInitializeOnLoadMethodAttributes (41ms)
			AfterProcessingInitializeOnLoad (0ms)
			EditorAssembliesLoaded (0ms)
		ExecutionOrderSort2 (0ms)
		AwakeInstancesAfterBackupRestoration (0ms)
========================================================================
Worker process is ready to serve import requests
Import Worker Mode flag is 0x00
Begin MonoManager ReloadAssembly
- Loaded All Assemblies, in  0.441 seconds
Refreshing native plugins compatible for Editor in 0.31 ms, found 2 plugins.
Native extension for WindowsStandalone target not found
Native extension for OSXStandalone target not found
Native extension for WebGL target not found
Mono: successfully reloaded assembly
- Finished resetting the current domain, in  0.548 seconds
Domain Reload Profiling: 984ms
	BeginReloadAssembly (75ms)
		ExecutionOrderSort (0ms)
		DisableScriptedObjects (4ms)
		BackupInstance (0ms)
		ReleaseScriptingObjects (0ms)
		CreateAndSetChildDomain (23ms)
	RebuildCommonClasses (25ms)
	RebuildNativeTypeToScriptingClass (9ms)
	initialDomainReloadingComplete (20ms)
	LoadAllAssembliesAndSetupDomain (306ms)
		LoadAssemblies (185ms)
		RebuildTransferFunctionScriptingTraits (0ms)
		AnalyzeDomain (152ms)
			TypeCache.Refresh (120ms)
				TypeCache.ScanAssembly (110ms)
			BuildScriptInfoCaches (23ms)
			ResolveRequiredComponents (7ms)
	FinalizeReload (548ms)
		ReleaseScriptCaches (0ms)
		RebuildScriptCaches (0ms)
		SetupLoadedEditorAssemblies (450ms)
			LogAssemblyErrors (0ms)
			InitializePlatformSupportModulesInManaged (2ms)
			SetLoadedEditorAssemblies (3ms)
			BeforeProcessingInitializeOnLoad (62ms)
			ProcessInitializeOnLoadAttributes (337ms)
			ProcessInitializeOnLoadMethodAttributes (45ms)
			AfterProcessingInitializeOnLoad (1ms)
			EditorAssembliesLoaded (0ms)
		ExecutionOrderSort2 (0ms)
		AwakeInstancesAfterBackupRestoration (2ms)
Launching external process: /Applications/Unity/Hub/Editor/6000.0.35f1/Unity.app/Contents/Tools/UnityShaderCompiler
Launched and connected shader compiler UnityShaderCompiler after 0.03 seconds
Refreshing native plugins compatible for Editor in 0.28 ms, found 2 plugins.
Preloading 0 native plugins for Editor in 0.00 ms.
Unloading 212 Unused Serialized files (Serialized files now loaded: 0)
Unloading 5978 unused Assets / (4.0 MB). Loaded Objects now: 6685.
Memory consumption went from 238.5 MB to 234.6 MB.
Total: 5.330917 ms (FindLiveObjects: 0.295292 ms CreateObjectMapping: 0.125958 ms MarkObjects: 3.845459 ms  DeleteObjects: 1.064000 ms)

========================================================================
Received Import Request.
  Time since last request: 457487.242965 seconds.
  path: Assets/Prefabs/Enemy.prefab
  artifactKey: Guid(2b33d309c796b4407a63b7a7307daea2) Importer(815301076,1909f56bfc062723c751e8b465ee728b)
Start importing Assets/Prefabs/Enemy.prefab using Guid(2b33d309c796b4407a63b7a7307daea2) Importer(815301076,1909f56bfc062723c751e8b465ee728b) (PreviewImporter) -> (artifact id: '58f3b213b8f933ea59678db689d652b2') in 0.276845167 seconds
Number of updated asset objects reloaded before import = 0Number of asset objects unloaded after import = 43

========================================================================
Received Import Request.
  Time since last request: 3.353247 seconds.
  path: Assets/Prefabs/Enemy.prefab
  artifactKey: Guid(2b33d309c796b4407a63b7a7307daea2) Importer(815301076,1909f56bfc062723c751e8b465ee728b)
Start importing Assets/Prefabs/Enemy.prefab using Guid(2b33d309c796b4407a63b7a7307daea2) Importer(815301076,1909f56bfc062723c751e8b465ee728b) (PreviewImporter) -> (artifact id: 'b109adb68ac17e899b407b2294636cfd') in 0.012622584 seconds
Number of updated asset objects reloaded before import = 0Number of asset objects unloaded after import = 43

========================================================================
Received Import Request.
  Time since last request: 127.577341 seconds.
  path: Assets/Prefabs/Enemy.prefab
  artifactKey: Guid(2b33d309c796b4407a63b7a7307daea2) Importer(815301076,1909f56bfc062723c751e8b465ee728b)
Start importing Assets/Prefabs/Enemy.prefab using Guid(2b33d309c796b4407a63b7a7307daea2) Importer(815301076,1909f56bfc062723c751e8b465ee728b) (PreviewImporter) -> (artifact id: '2090e862b94f62d9535448ead523c873') in 0.010968875 seconds
Number of updated asset objects reloaded before import = 0Number of asset objects unloaded after import = 43

========================================================================
Received Prepare
Begin MonoManager ReloadAssembly
Thread 0x33b087000 may have been prematurely finalized
- Loaded All Assemblies, in  0.352 seconds
Refreshing native plugins compatible for Editor in 0.23 ms, found 2 plugins.
Native extension for WindowsStandalone target not found
Native extension for OSXStandalone target not found
Native extension for WebGL target not found
Mono: successfully reloaded assembly
- Finished resetting the current domain, in  0.494 seconds
Domain Reload Profiling: 848ms
	BeginReloadAssembly (111ms)
		ExecutionOrderSort (0ms)
		DisableScriptedObjects (12ms)
		BackupInstance (0ms)
		ReleaseScriptingObjects (0ms)
		CreateAndSetChildDomain (47ms)
	RebuildCommonClasses (23ms)
	RebuildNativeTypeToScriptingClass (9ms)
	initialDomainReloadingComplete (11ms)
	LoadAllAssembliesAndSetupDomain (199ms)
		LoadAssemblies (127ms)
		RebuildTransferFunctionScriptingTraits (0ms)
		AnalyzeDomain (98ms)
			TypeCache.Refresh (4ms)
				TypeCache.ScanAssembly (0ms)
			BuildScriptInfoCaches (85ms)
			ResolveRequiredComponents (6ms)
	FinalizeReload (495ms)
		ReleaseScriptCaches (0ms)
		RebuildScriptCaches (0ms)
		SetupLoadedEditorAssemblies (376ms)
			LogAssemblyErrors (0ms)
			InitializePlatformSupportModulesInManaged (2ms)
			SetLoadedEditorAssemblies (3ms)
			BeforeProcessingInitializeOnLoad (55ms)
			ProcessInitializeOnLoadAttributes (289ms)
			ProcessInitializeOnLoadMethodAttributes (27ms)
			AfterProcessingInitializeOnLoad (1ms)
			EditorAssembliesLoaded (0ms)
		ExecutionOrderSort2 (0ms)
		AwakeInstancesAfterBackupRestoration (5ms)
Refreshing native plugins compatible for Editor in 0.29 ms, found 2 plugins.
Preloading 0 native plugins for Editor in 0.00 ms.
Unloading 24 Unused Serialized files (Serialized files now loaded: 0)
Unloading 5975 unused Assets / (3.4 MB). Loaded Objects now: 6735.
Memory consumption went from 240.9 MB to 237.4 MB.
Total: 5.457833 ms (FindLiveObjects: 0.301875 ms CreateObjectMapping: 0.114125 ms MarkObjects: 3.951541 ms  DeleteObjects: 1.090042 ms)

Prepare: number of updated asset objects reloaded= 0
========================================================================
Received Import Request.
  Time since last request: 3099.439412 seconds.
  path: Assets/Prefabs/Boss Enemy.prefab
  artifactKey: Guid(a3d1f6ada9b06401bbfb21f377694193) Importer(815301076,1909f56bfc062723c751e8b465ee728b)
Start importing Assets/Prefabs/Boss Enemy.prefab using Guid(a3d1f6ada9b06401bbfb21f377694193) Importer(815301076,1909f56bfc062723c751e8b465ee728b) (PreviewImporter) -> (artifact id: '88eda76f4cedaad678f8198fccaf50cb') in 0.208209167 seconds
Number of updated asset objects reloaded before import = 0Number of asset objects unloaded after import = 59

========================================================================
Received Import Request.
  Time since last request: 668.198012 seconds.
  path: Assets/Models/Police Monster Truck.fbx
  artifactKey: Guid(4b850ed7eeca6488d818b21098646e9c) Importer(815301076,1909f56bfc062723c751e8b465ee728b)
Start importing Assets/Models/Police Monster Truck.fbx using Guid(4b850ed7eeca6488d818b21098646e9c) Importer(815301076,1909f56bfc062723c751e8b465ee728b) (PreviewImporter) -> (artifact id: '5b62b65fd26a812040922a2054279ff8') in 0.286189667 seconds
Number of updated asset objects reloaded before import = 0Number of asset objects unloaded after import = 80

========================================================================
Received Import Request.
  Time since last request: 697.858520 seconds.
  path: Assets/Materials/pixil-frame-0-5.mat
  artifactKey: Guid(981bb2848fc7f4119b54499c7ea3111f) Importer(815301076,1909f56bfc062723c751e8b465ee728b)
Start importing Assets/Materials/pixil-frame-0-5.mat using Guid(981bb2848fc7f4119b54499c7ea3111f) Importer(815301076,1909f56bfc062723c751e8b465ee728b) (PreviewImporter) -> (artifact id: '5512ea4b00f9c2f982201e4305f2f795') in 0.011311625 seconds
Number of updated asset objects reloaded before import = 0Number of asset objects unloaded after import = 2

========================================================================
Received Import Request.
  Time since last request: 9.950479 seconds.
  path: Assets/Materials/24_-_Default_albedo_black.jpeg
  artifactKey: Guid(113d264a962724c23a4436c2f49d39e2) Importer(815301076,1909f56bfc062723c751e8b465ee728b)
Start importing Assets/Materials/24_-_Default_albedo_black.jpeg using Guid(113d264a962724c23a4436c2f49d39e2) Importer(815301076,1909f56bfc062723c751e8b465ee728b) (PreviewImporter) -> (artifact id: '6d0c38e0a96c46030f482eda066925b2') in 0.012861959 seconds
Number of updated asset objects reloaded before import = 0Number of asset objects unloaded after import = 2

========================================================================
Received Import Request.
  Time since last request: 4.027425 seconds.
  path: Assets/Materials/PoliceCar_Body_Diffuse.png
  artifactKey: Guid(c314f4d1da65141c89913a93280b7fe6) Importer(815301076,1909f56bfc062723c751e8b465ee728b)
Start importing Assets/Materials/PoliceCar_Body_Diffuse.png using Guid(c314f4d1da65141c89913a93280b7fe6) Importer(815301076,1909f56bfc062723c751e8b465ee728b) (PreviewImporter) -> (artifact id: 'a891e956070f0f2a439cab647c2d3de5') in 0.009195875 seconds
Number of updated asset objects reloaded before import = 0Number of asset objects unloaded after import = 2

========================================================================
Received Prepare
Refreshing native plugins compatible for Editor in 0.29 ms, found 2 plugins.
Preloading 0 native plugins for Editor in 0.00 ms.
Unloading 14 Unused Serialized files (Serialized files now loaded: 0)
Unloading 5969 unused Assets / (3.9 MB). Loaded Objects now: 6915.
Memory consumption went from 238.4 MB to 234.5 MB.
Total: 7.349500 ms (FindLiveObjects: 0.320167 ms CreateObjectMapping: 0.116750 ms MarkObjects: 5.782375 ms  DeleteObjects: 1.129833 ms)

Prepare: number of updated asset objects reloaded= 0
========================================================================
Received Prepare
Refreshing native plugins compatible for Editor in 0.28 ms, found 2 plugins.
Preloading 0 native plugins for Editor in 0.00 ms.
Unloading 14 Unused Serialized files (Serialized files now loaded: 0)
Unloading 5969 unused Assets / (4.0 MB). Loaded Objects now: 6916.
Memory consumption went from 235.5 MB to 231.5 MB.
Total: 6.498459 ms (FindLiveObjects: 0.316958 ms CreateObjectMapping: 0.112167 ms MarkObjects: 4.985583 ms  DeleteObjects: 1.083500 ms)

Prepare: number of updated asset objects reloaded= 0
========================================================================
Received Prepare
Begin MonoManager ReloadAssembly
Thread 0x321af7000 may have been prematurely finalized
- Loaded All Assemblies, in  0.370 seconds
Refreshing native plugins compatible for Editor in 0.23 ms, found 2 plugins.
Native extension for WindowsStandalone target not found
Native extension for OSXStandalone target not found
Native extension for WebGL target not found
Mono: successfully reloaded assembly
- Finished resetting the current domain, in  0.463 seconds
Domain Reload Profiling: 835ms
	BeginReloadAssembly (113ms)
		ExecutionOrderSort (0ms)
		DisableScriptedObjects (11ms)
		BackupInstance (0ms)
		ReleaseScriptingObjects (0ms)
		CreateAndSetChildDomain (53ms)
	RebuildCommonClasses (24ms)
	RebuildNativeTypeToScriptingClass (9ms)
	initialDomainReloadingComplete (12ms)
	LoadAllAssembliesAndSetupDomain (214ms)
		LoadAssemblies (136ms)
		RebuildTransferFunctionScriptingTraits (0ms)
		AnalyzeDomain (102ms)
			TypeCache.Refresh (7ms)
				TypeCache.ScanAssembly (0ms)
			BuildScriptInfoCaches (88ms)
			ResolveRequiredComponents (6ms)
	FinalizeReload (463ms)
		ReleaseScriptCaches (0ms)
		RebuildScriptCaches (0ms)
		SetupLoadedEditorAssemblies (356ms)
			LogAssemblyErrors (0ms)
			InitializePlatformSupportModulesInManaged (2ms)
			SetLoadedEditorAssemblies (3ms)
			BeforeProcessingInitializeOnLoad (57ms)
			ProcessInitializeOnLoadAttributes (267ms)
			ProcessInitializeOnLoadMethodAttributes (26ms)
			AfterProcessingInitializeOnLoad (1ms)
			EditorAssembliesLoaded (0ms)
		ExecutionOrderSort2 (0ms)
		AwakeInstancesAfterBackupRestoration (4ms)
Refreshing native plugins compatible for Editor in 0.27 ms, found 2 plugins.
Preloading 0 native plugins for Editor in 0.00 ms.
Unloading 14 Unused Serialized files (Serialized files now loaded: 0)
Unloading 5976 unused Assets / (3.9 MB). Loaded Objects now: 6797.
Memory consumption went from 241.2 MB to 237.4 MB.
Total: 4.711250 ms (FindLiveObjects: 0.303875 ms CreateObjectMapping: 0.104708 ms MarkObjects: 3.284000 ms  DeleteObjects: 1.018292 ms)

Prepare: number of updated asset objects reloaded= 0
========================================================================
Received Import Request.
  Time since last request: 1136.393087 seconds.
  path: Assets/Scenes/scripts/RayShooter - Boss.cs
  artifactKey: Guid(bb2e3e4f0af4645cb973b88f0a03a366) Importer(815301076,1909f56bfc062723c751e8b465ee728b)
Start importing Assets/Scenes/scripts/RayShooter - Boss.cs using Guid(bb2e3e4f0af4645cb973b88f0a03a366) Importer(815301076,1909f56bfc062723c751e8b465ee728b) (PreviewImporter) -> (artifact id: 'c3c6124437ba1e6ea1febba3fcc3e1f9') in 0.000938541 seconds
Number of updated asset objects reloaded before import = 0Number of asset objects unloaded after import = 0

========================================================================
Received Import Request.
  Time since last request: 5.353197 seconds.
  path: Assets/Scenes/scripts/ReactiveTarget - Boss.cs
  artifactKey: Guid(690832b715e22441e8dae8726e0dc2af) Importer(815301076,1909f56bfc062723c751e8b465ee728b)
Start importing Assets/Scenes/scripts/ReactiveTarget - Boss.cs using Guid(690832b715e22441e8dae8726e0dc2af) Importer(815301076,1909f56bfc062723c751e8b465ee728b) (PreviewImporter) -> (artifact id: '123aa4994d51d5f098555f8e5d79560b') in 0.00028975 seconds
Number of updated asset objects reloaded before import = 0Number of asset objects unloaded after import = 0

========================================================================
Received Prepare
Begin MonoManager ReloadAssembly
Thread 0x30e9f3000 may have been prematurely finalized
- Loaded All Assemblies, in  0.379 seconds
Refreshing native plugins compatible for Editor in 0.22 ms, found 2 plugins.
Native extension for WindowsStandalone target not found
Native extension for OSXStandalone target not found
Native extension for WebGL target not found
Mono: successfully reloaded assembly
- Finished resetting the current domain, in  0.479 seconds
Domain Reload Profiling: 860ms
	BeginReloadAssembly (96ms)
		ExecutionOrderSort (0ms)
		DisableScriptedObjects (3ms)
		BackupInstance (0ms)
		ReleaseScriptingObjects (0ms)
		CreateAndSetChildDomain (40ms)
	RebuildCommonClasses (24ms)
	RebuildNativeTypeToScriptingClass (9ms)
	initialDomainReloadingComplete (12ms)
	LoadAllAssembliesAndSetupDomain (240ms)
		LoadAssemblies (161ms)
		RebuildTransferFunctionScriptingTraits (0ms)
		AnalyzeDomain (106ms)
			TypeCache.Refresh (9ms)
				TypeCache.ScanAssembly (0ms)
			BuildScriptInfoCaches (89ms)
			ResolveRequiredComponents (6ms)
	FinalizeReload (479ms)
		ReleaseScriptCaches (0ms)
		RebuildScriptCaches (0ms)
		SetupLoadedEditorAssemblies (369ms)
			LogAssemblyErrors (0ms)
			InitializePlatformSupportModulesInManaged (2ms)
			SetLoadedEditorAssemblies (3ms)
			BeforeProcessingInitializeOnLoad (58ms)
			ProcessInitializeOnLoadAttributes (280ms)
			ProcessInitializeOnLoadMethodAttributes (26ms)
			AfterProcessingInitializeOnLoad (1ms)
			EditorAssembliesLoaded (0ms)
		ExecutionOrderSort2 (0ms)
		AwakeInstancesAfterBackupRestoration (4ms)
Refreshing native plugins compatible for Editor in 0.49 ms, found 2 plugins.
Preloading 0 native plugins for Editor in 0.00 ms.
Unloading 14 Unused Serialized files (Serialized files now loaded: 0)
Unloading 5976 unused Assets / (3.9 MB). Loaded Objects now: 6799.
Memory consumption went from 239.4 MB to 235.5 MB.
Total: 4.723416 ms (FindLiveObjects: 0.309667 ms CreateObjectMapping: 0.132667 ms MarkObjects: 3.257166 ms  DeleteObjects: 1.023583 ms)

Prepare: number of updated asset objects reloaded= 0
========================================================================
Received Prepare
Begin MonoManager ReloadAssembly
Thread 0x30e9f3000 may have been prematurely finalized
- Loaded All Assemblies, in  0.373 seconds
Refreshing native plugins compatible for Editor in 0.22 ms, found 2 plugins.
Native extension for WindowsStandalone target not found
Native extension for OSXStandalone target not found
Native extension for WebGL target not found
Mono: successfully reloaded assembly
- Finished resetting the current domain, in  0.484 seconds
Domain Reload Profiling: 858ms
	BeginReloadAssembly (96ms)
		ExecutionOrderSort (0ms)
		DisableScriptedObjects (3ms)
		BackupInstance (0ms)
		ReleaseScriptingObjects (0ms)
		CreateAndSetChildDomain (40ms)
	RebuildCommonClasses (24ms)
	RebuildNativeTypeToScriptingClass (9ms)
	initialDomainReloadingComplete (11ms)
	LoadAllAssembliesAndSetupDomain (235ms)
		LoadAssemblies (150ms)
		RebuildTransferFunctionScriptingTraits (0ms)
		AnalyzeDomain (112ms)
			TypeCache.Refresh (8ms)
				TypeCache.ScanAssembly (0ms)
			BuildScriptInfoCaches (96ms)
			ResolveRequiredComponents (6ms)
	FinalizeReload (484ms)
		ReleaseScriptCaches (0ms)
		RebuildScriptCaches (0ms)
		SetupLoadedEditorAssemblies (376ms)
			LogAssemblyErrors (0ms)
			InitializePlatformSupportModulesInManaged (2ms)
			SetLoadedEditorAssemblies (3ms)
			BeforeProcessingInitializeOnLoad (56ms)
			ProcessInitializeOnLoadAttributes (289ms)
			ProcessInitializeOnLoadMethodAttributes (26ms)
			AfterProcessingInitializeOnLoad (1ms)
			EditorAssembliesLoaded (0ms)
		ExecutionOrderSort2 (0ms)
		AwakeInstancesAfterBackupRestoration (5ms)
Refreshing native plugins compatible for Editor in 0.51 ms, found 2 plugins.
Preloading 0 native plugins for Editor in 0.00 ms.
Unloading 14 Unused Serialized files (Serialized files now loaded: 0)
Unloading 5976 unused Assets / (3.9 MB). Loaded Objects now: 6801.
Memory consumption went from 237.8 MB to 233.9 MB.
Total: 5.008875 ms (FindLiveObjects: 0.311333 ms CreateObjectMapping: 0.114000 ms MarkObjects: 3.520041 ms  DeleteObjects: 1.063333 ms)

Prepare: number of updated asset objects reloaded= 0
========================================================================
Received Prepare
Begin MonoManager ReloadAssembly
Thread 0x30e9f3000 may have been prematurely finalized
- Loaded All Assemblies, in  0.391 seconds
Refreshing native plugins compatible for Editor in 0.22 ms, found 2 plugins.
Native extension for WindowsStandalone target not found
Native extension for OSXStandalone target not found
Native extension for WebGL target not found
Mono: successfully reloaded assembly
- Finished resetting the current domain, in  0.492 seconds
Domain Reload Profiling: 885ms
	BeginReloadAssembly (104ms)
		ExecutionOrderSort (0ms)
		DisableScriptedObjects (3ms)
		BackupInstance (0ms)
		ReleaseScriptingObjects (0ms)
		CreateAndSetChildDomain (40ms)
	RebuildCommonClasses (24ms)
	RebuildNativeTypeToScriptingClass (9ms)
	initialDomainReloadingComplete (11ms)
	LoadAllAssembliesAndSetupDomain (245ms)
		LoadAssemblies (175ms)
		RebuildTransferFunctionScriptingTraits (0ms)
		AnalyzeDomain (105ms)
			TypeCache.Refresh (8ms)
				TypeCache.ScanAssembly (0ms)
			BuildScriptInfoCaches (89ms)
			ResolveRequiredComponents (6ms)
	FinalizeReload (492ms)
		ReleaseScriptCaches (0ms)
		RebuildScriptCaches (0ms)
		SetupLoadedEditorAssemblies (381ms)
			LogAssemblyErrors (0ms)
			InitializePlatformSupportModulesInManaged (2ms)
			SetLoadedEditorAssemblies (3ms)
			BeforeProcessingInitializeOnLoad (57ms)
			ProcessInitializeOnLoadAttributes (291ms)
			ProcessInitializeOnLoadMethodAttributes (28ms)
			AfterProcessingInitializeOnLoad (1ms)
			EditorAssembliesLoaded (0ms)
		ExecutionOrderSort2 (0ms)
		AwakeInstancesAfterBackupRestoration (5ms)
Refreshing native plugins compatible for Editor in 0.29 ms, found 2 plugins.
Preloading 0 native plugins for Editor in 0.00 ms.
Unloading 14 Unused Serialized files (Serialized files now loaded: 0)
Unloading 5976 unused Assets / (4.0 MB). Loaded Objects now: 6803.
Memory consumption went from 236.0 MB to 232.1 MB.
Total: 5.053500 ms (FindLiveObjects: 0.307375 ms CreateObjectMapping: 0.113375 ms MarkObjects: 3.589333 ms  DeleteObjects: 1.043334 ms)

Prepare: number of updated asset objects reloaded= 0
========================================================================
Received Import Request.
  Time since last request: 3685.924199 seconds.
  path: Assets/Textures/24_-_Default_albedo_black.jpeg
  artifactKey: Guid(331b6b8f65b9a42a490d4e784ea49b6b) Importer(815301076,1909f56bfc062723c751e8b465ee728b)
Start importing Assets/Textures/24_-_Default_albedo_black.jpeg using Guid(331b6b8f65b9a42a490d4e784ea49b6b) Importer(815301076,1909f56bfc062723c751e8b465ee728b) (PreviewImporter) -> (artifact id: '1b5193c238ba7059714640bd2d8c450a') in 0.036468167 seconds
Number of updated asset objects reloaded before import = 0Number of asset objects unloaded after import = 2

========================================================================
Received Import Request.
  Time since last request: 1.060154 seconds.
  path: Assets/Textures/PoliceCar_Body_Diffuse.png
  artifactKey: Guid(e876c58892bde4bbbbccabc2595d488e) Importer(815301076,1909f56bfc062723c751e8b465ee728b)
Start importing Assets/Textures/PoliceCar_Body_Diffuse.png using Guid(e876c58892bde4bbbbccabc2595d488e) Importer(815301076,1909f56bfc062723c751e8b465ee728b) (PreviewImporter) -> (artifact id: '1f4ce4f9f07137cf2e133bd0147f125c') in 0.008925709 seconds
Number of updated asset objects reloaded before import = 0Number of asset objects unloaded after import = 2

========================================================================
Received Import Request.
  Time since last request: 191.946642 seconds.
  path: Assets/Prefabs/Boss Enemy.prefab
  artifactKey: Guid(a3d1f6ada9b06401bbfb21f377694193) Importer(815301076,1909f56bfc062723c751e8b465ee728b)
Start importing Assets/Prefabs/Boss Enemy.prefab using Guid(a3d1f6ada9b06401bbfb21f377694193) Importer(815301076,1909f56bfc062723c751e8b465ee728b) (PreviewImporter) -> (artifact id: 'edc42bf63d7a8f11f3bbc10cea671541') in 0.237001875 seconds
Number of updated asset objects reloaded before import = 0Number of asset objects unloaded after import = 170

========================================================================
Received Prepare
Begin MonoManager ReloadAssembly
Thread 0x30e9f3000 may have been prematurely finalized
- Loaded All Assemblies, in  0.352 seconds
Refreshing native plugins compatible for Editor in 0.27 ms, found 2 plugins.
Native extension for WindowsStandalone target not found
Native extension for OSXStandalone target not found
Native extension for WebGL target not found
Mono: successfully reloaded assembly
- Finished resetting the current domain, in  0.478 seconds
Domain Reload Profiling: 832ms
	BeginReloadAssembly (110ms)
		ExecutionOrderSort (0ms)
		DisableScriptedObjects (10ms)
		BackupInstance (0ms)
		ReleaseScriptingObjects (0ms)
		CreateAndSetChildDomain (50ms)
	RebuildCommonClasses (24ms)
	RebuildNativeTypeToScriptingClass (9ms)
	initialDomainReloadingComplete (11ms)
	LoadAllAssembliesAndSetupDomain (200ms)
		LoadAssemblies (124ms)
		RebuildTransferFunctionScriptingTraits (0ms)
		AnalyzeDomain (101ms)
			TypeCache.Refresh (5ms)
				TypeCache.ScanAssembly (0ms)
			BuildScriptInfoCaches (89ms)
			ResolveRequiredComponents (6ms)
	FinalizeReload (478ms)
		ReleaseScriptCaches (0ms)
		RebuildScriptCaches (0ms)
		SetupLoadedEditorAssemblies (370ms)
			LogAssemblyErrors (0ms)
			InitializePlatformSupportModulesInManaged (2ms)
			SetLoadedEditorAssemblies (3ms)
			BeforeProcessingInitializeOnLoad (56ms)
			ProcessInitializeOnLoadAttributes (282ms)
			ProcessInitializeOnLoadMethodAttributes (27ms)
			AfterProcessingInitializeOnLoad (1ms)
			EditorAssembliesLoaded (0ms)
		ExecutionOrderSort2 (0ms)
		AwakeInstancesAfterBackupRestoration (5ms)
Refreshing native plugins compatible for Editor in 0.40 ms, found 2 plugins.
Preloading 0 native plugins for Editor in 0.00 ms.
Unloading 14 Unused Serialized files (Serialized files now loaded: 0)
Unloading 5977 unused Assets / (3.6 MB). Loaded Objects now: 6825.
Memory consumption went from 243.6 MB to 240.0 MB.
Total: 6.025750 ms (FindLiveObjects: 0.391583 ms CreateObjectMapping: 0.123500 ms MarkObjects: 4.271250 ms  DeleteObjects: 1.238917 ms)

Prepare: number of updated asset objects reloaded= 0
========================================================================
Received Prepare
Begin MonoManager ReloadAssembly
Thread 0x30e9f3000 may have been prematurely finalized
- Loaded All Assemblies, in  0.346 seconds
Refreshing native plugins compatible for Editor in 0.22 ms, found 2 plugins.
Native extension for WindowsStandalone target not found
Native extension for OSXStandalone target not found
Native extension for WebGL target not found
Mono: successfully reloaded assembly
- Finished resetting the current domain, in  0.484 seconds
Domain Reload Profiling: 832ms
	BeginReloadAssembly (99ms)
		ExecutionOrderSort (0ms)
		DisableScriptedObjects (3ms)
		BackupInstance (0ms)
		ReleaseScriptingObjects (0ms)
		CreateAndSetChildDomain (44ms)
	RebuildCommonClasses (23ms)
	RebuildNativeTypeToScriptingClass (8ms)
	initialDomainReloadingComplete (12ms)
	LoadAllAssembliesAndSetupDomain (205ms)
		LoadAssemblies (131ms)
		RebuildTransferFunctionScriptingTraits (0ms)
		AnalyzeDomain (101ms)
			TypeCache.Refresh (5ms)
				TypeCache.ScanAssembly (0ms)
			BuildScriptInfoCaches (88ms)
			ResolveRequiredComponents (6ms)
	FinalizeReload (485ms)
		ReleaseScriptCaches (0ms)
		RebuildScriptCaches (0ms)
		SetupLoadedEditorAssemblies (377ms)
			LogAssemblyErrors (0ms)
			InitializePlatformSupportModulesInManaged (2ms)
			SetLoadedEditorAssemblies (3ms)
			BeforeProcessingInitializeOnLoad (56ms)
			ProcessInitializeOnLoadAttributes (285ms)
			ProcessInitializeOnLoadMethodAttributes (28ms)
			AfterProcessingInitializeOnLoad (2ms)
			EditorAssembliesLoaded (0ms)
		ExecutionOrderSort2 (0ms)
		AwakeInstancesAfterBackupRestoration (5ms)
Refreshing native plugins compatible for Editor in 0.29 ms, found 2 plugins.
Preloading 0 native plugins for Editor in 0.00 ms.
Unloading 14 Unused Serialized files (Serialized files now loaded: 0)
Unloading 5976 unused Assets / (3.4 MB). Loaded Objects now: 6827.
Memory consumption went from 241.7 MB to 238.3 MB.
Total: 5.855000 ms (FindLiveObjects: 0.359083 ms CreateObjectMapping: 0.166916 ms MarkObjects: 4.273833 ms  DeleteObjects: 1.054542 ms)

Prepare: number of updated asset objects reloaded= 0
========================================================================
Received Import Request.
  Time since last request: 199.582161 seconds.
  path: Assets/Scenes/scripts/PlayerCharacter.cs
  artifactKey: Guid(7d1900814abb04233964d1b3e350acce) Importer(815301076,1909f56bfc062723c751e8b465ee728b)
Start importing Assets/Scenes/scripts/PlayerCharacter.cs using Guid(7d1900814abb04233964d1b3e350acce) Importer(815301076,1909f56bfc062723c751e8b465ee728b) (PreviewImporter) -> (artifact id: '8a9a437a3d544423a55075a4f6681df5') in 0.000972375 seconds
Number of updated asset objects reloaded before import = 0Number of asset objects unloaded after import = 0

========================================================================
Received Prepare
Begin MonoManager ReloadAssembly
Thread 0x30e9f3000 may have been prematurely finalized
- Loaded All Assemblies, in  0.385 seconds
Refreshing native plugins compatible for Editor in 0.22 ms, found 2 plugins.
Native extension for WindowsStandalone target not found
Native extension for OSXStandalone target not found
Native extension for WebGL target not found
Mono: successfully reloaded assembly
- Finished resetting the current domain, in  0.498 seconds
Domain Reload Profiling: 884ms
	BeginReloadAssembly (100ms)
		ExecutionOrderSort (0ms)
		DisableScriptedObjects (3ms)
		BackupInstance (0ms)
		ReleaseScriptingObjects (0ms)
		CreateAndSetChildDomain (41ms)
	RebuildCommonClasses (23ms)
	RebuildNativeTypeToScriptingClass (9ms)
	initialDomainReloadingComplete (11ms)
	LoadAllAssembliesAndSetupDomain (244ms)
		LoadAssemblies (168ms)
		RebuildTransferFunctionScriptingTraits (0ms)
		AnalyzeDomain (106ms)
			TypeCache.Refresh (8ms)
				TypeCache.ScanAssembly (0ms)
			BuildScriptInfoCaches (90ms)
			ResolveRequiredComponents (6ms)
	FinalizeReload (498ms)
		ReleaseScriptCaches (0ms)
		RebuildScriptCaches (0ms)
		SetupLoadedEditorAssemblies (392ms)
			LogAssemblyErrors (0ms)
			InitializePlatformSupportModulesInManaged (2ms)
			SetLoadedEditorAssemblies (3ms)
			BeforeProcessingInitializeOnLoad (57ms)
			ProcessInitializeOnLoadAttributes (302ms)
			ProcessInitializeOnLoadMethodAttributes (27ms)
			AfterProcessingInitializeOnLoad (1ms)
			EditorAssembliesLoaded (0ms)
		ExecutionOrderSort2 (0ms)
		AwakeInstancesAfterBackupRestoration (5ms)
Refreshing native plugins compatible for Editor in 0.31 ms, found 2 plugins.
Preloading 0 native plugins for Editor in 0.00 ms.
Unloading 14 Unused Serialized files (Serialized files now loaded: 0)
Unloading 5976 unused Assets / (4.0 MB). Loaded Objects now: 6829.
Memory consumption went from 240.1 MB to 236.1 MB.
Total: 5.351875 ms (FindLiveObjects: 0.317958 ms CreateObjectMapping: 0.117375 ms MarkObjects: 3.747792 ms  DeleteObjects: 1.168625 ms)

Prepare: number of updated asset objects reloaded= 0
========================================================================
Received Import Request.
  Time since last request: 191.504565 seconds.
  path: Assets/Scenes/scripts/PlayerCharacter.cs
  artifactKey: Guid(7d1900814abb04233964d1b3e350acce) Importer(815301076,1909f56bfc062723c751e8b465ee728b)
Start importing Assets/Scenes/scripts/PlayerCharacter.cs using Guid(7d1900814abb04233964d1b3e350acce) Importer(815301076,1909f56bfc062723c751e8b465ee728b) (PreviewImporter) -> (artifact id: '18a3498dfc6ad069899eeb98d4aaae36') in 0.000791417 seconds
Number of updated asset objects reloaded before import = 0Number of asset objects unloaded after import = 0

========================================================================
Received Prepare
Begin MonoManager ReloadAssembly
Thread 0x30e9f3000 may have been prematurely finalized
- Loaded All Assemblies, in  0.343 seconds
Refreshing native plugins compatible for Editor in 0.23 ms, found 2 plugins.
Native extension for WindowsStandalone target not found
Native extension for OSXStandalone target not found
Native extension for WebGL target not found
Mono: successfully reloaded assembly
- Finished resetting the current domain, in  0.485 seconds
Domain Reload Profiling: 829ms
	BeginReloadAssembly (96ms)
		ExecutionOrderSort (0ms)
		DisableScriptedObjects (3ms)
		BackupInstance (0ms)
		ReleaseScriptingObjects (0ms)
		CreateAndSetChildDomain (41ms)
	RebuildCommonClasses (23ms)
	RebuildNativeTypeToScriptingClass (9ms)
	initialDomainReloadingComplete (11ms)
	LoadAllAssembliesAndSetupDomain (205ms)
		LoadAssemblies (129ms)
		RebuildTransferFunctionScriptingTraits (0ms)
		AnalyzeDomain (101ms)
			TypeCache.Refresh (5ms)
				TypeCache.ScanAssembly (0ms)
			BuildScriptInfoCaches (89ms)
			ResolveRequiredComponents (6ms)
	FinalizeReload (485ms)
		ReleaseScriptCaches (0ms)
		RebuildScriptCaches (0ms)
		SetupLoadedEditorAssemblies (376ms)
			LogAssemblyErrors (0ms)
			InitializePlatformSupportModulesInManaged (2ms)
			SetLoadedEditorAssemblies (3ms)
			BeforeProcessingInitializeOnLoad (57ms)
			ProcessInitializeOnLoadAttributes (285ms)
			ProcessInitializeOnLoadMethodAttributes (29ms)
			AfterProcessingInitializeOnLoad (1ms)
			EditorAssembliesLoaded (0ms)
		ExecutionOrderSort2 (0ms)
		AwakeInstancesAfterBackupRestoration (5ms)
Refreshing native plugins compatible for Editor in 0.31 ms, found 2 plugins.
Preloading 0 native plugins for Editor in 0.00 ms.
Unloading 14 Unused Serialized files (Serialized files now loaded: 0)
Unloading 5976 unused Assets / (3.2 MB). Loaded Objects now: 6831.
Memory consumption went from 238.4 MB to 235.2 MB.
Total: 6.108250 ms (FindLiveObjects: 0.340708 ms CreateObjectMapping: 0.131792 ms MarkObjects: 4.297709 ms  DeleteObjects: 1.337791 ms)

Prepare: number of updated asset objects reloaded= 0
========================================================================
Received Import Request.
  Time since last request: 29.489327 seconds.
  path: Assets/Prefabs/Boss Enemy.prefab
  artifactKey: Guid(a3d1f6ada9b06401bbfb21f377694193) Importer(815301076,1909f56bfc062723c751e8b465ee728b)
Start importing Assets/Prefabs/Boss Enemy.prefab using Guid(a3d1f6ada9b06401bbfb21f377694193) Importer(815301076,1909f56bfc062723c751e8b465ee728b) (PreviewImporter) -> (artifact id: 'a3843f757dbeb3f484da413cf51ae37f') in 0.251412375 seconds
Number of updated asset objects reloaded before import = 0Number of asset objects unloaded after import = 174

========================================================================
Received Import Request.
  Time since last request: 9.381255 seconds.
  path: Assets/Materials/24_-_Default_albedo_black.mat
  artifactKey: Guid(283ad23e5fb54485f89dc94dd1a5b744) Importer(815301076,1909f56bfc062723c751e8b465ee728b)
Start importing Assets/Materials/24_-_Default_albedo_black.mat using Guid(283ad23e5fb54485f89dc94dd1a5b744) Importer(815301076,1909f56bfc062723c751e8b465ee728b) (PreviewImporter) -> (artifact id: '73a415f1890d66336a7cbdf1b123e34b') in 0.018020291 seconds
Number of updated asset objects reloaded before import = 0Number of asset objects unloaded after import = 2

========================================================================
Received Prepare
Begin MonoManager ReloadAssembly
Thread 0x30e9f3000 may have been prematurely finalized
- Loaded All Assemblies, in  0.384 seconds
Refreshing native plugins compatible for Editor in 0.18 ms, found 2 plugins.
Native extension for WindowsStandalone target not found
Native extension for OSXStandalone target not found
Native extension for WebGL target not found
Mono: successfully reloaded assembly
- Finished resetting the current domain, in  0.489 seconds
Domain Reload Profiling: 875ms
	BeginReloadAssembly (114ms)
		ExecutionOrderSort (0ms)
		DisableScriptedObjects (10ms)
		BackupInstance (0ms)
		ReleaseScriptingObjects (0ms)
		CreateAndSetChildDomain (53ms)
	RebuildCommonClasses (23ms)
	RebuildNativeTypeToScriptingClass (8ms)
	initialDomainReloadingComplete (12ms)
	LoadAllAssembliesAndSetupDomain (229ms)
		LoadAssemblies (151ms)
		RebuildTransferFunctionScriptingTraits (0ms)
		AnalyzeDomain (103ms)
			TypeCache.Refresh (6ms)
				TypeCache.ScanAssembly (0ms)
			BuildScriptInfoCaches (90ms)
			ResolveRequiredComponents (6ms)
	FinalizeReload (489ms)
		ReleaseScriptCaches (0ms)
		RebuildScriptCaches (0ms)
		SetupLoadedEditorAssemblies (379ms)
			LogAssemblyErrors (0ms)
			InitializePlatformSupportModulesInManaged (2ms)
			SetLoadedEditorAssemblies (3ms)
			BeforeProcessingInitializeOnLoad (57ms)
			ProcessInitializeOnLoadAttributes (290ms)
			ProcessInitializeOnLoadMethodAttributes (27ms)
			AfterProcessingInitializeOnLoad (1ms)
			EditorAssembliesLoaded (0ms)
		ExecutionOrderSort2 (0ms)
		AwakeInstancesAfterBackupRestoration (6ms)
Refreshing native plugins compatible for Editor in 0.28 ms, found 2 plugins.
Preloading 0 native plugins for Editor in 0.00 ms.
Unloading 14 Unused Serialized files (Serialized files now loaded: 0)
Unloading 5977 unused Assets / (3.7 MB). Loaded Objects now: 6853.
Memory consumption went from 246.0 MB to 242.3 MB.
Total: 6.061500 ms (FindLiveObjects: 0.332708 ms CreateObjectMapping: 0.128917 ms MarkObjects: 4.102375 ms  DeleteObjects: 1.497333 ms)

Prepare: number of updated asset objects reloaded= 0
========================================================================
Received Prepare
Begin MonoManager ReloadAssembly
Thread 0x30e9f3000 may have been prematurely finalized
- Loaded All Assemblies, in  0.352 seconds
Refreshing native plugins compatible for Editor in 0.22 ms, found 2 plugins.
Native extension for WindowsStandalone target not found
Native extension for OSXStandalone target not found
Native extension for WebGL target not found
Mono: successfully reloaded assembly
- Finished resetting the current domain, in  0.484 seconds
Domain Reload Profiling: 838ms
	BeginReloadAssembly (98ms)
		ExecutionOrderSort (0ms)
		DisableScriptedObjects (3ms)
		BackupInstance (0ms)
		ReleaseScriptingObjects (0ms)
		CreateAndSetChildDomain (43ms)
	RebuildCommonClasses (23ms)
	RebuildNativeTypeToScriptingClass (8ms)
	initialDomainReloadingComplete (12ms)
	LoadAllAssembliesAndSetupDomain (213ms)
		LoadAssemblies (137ms)
		RebuildTransferFunctionScriptingTraits (0ms)
		AnalyzeDomain (101ms)
			TypeCache.Refresh (5ms)
				TypeCache.ScanAssembly (0ms)
			BuildScriptInfoCaches (89ms)
			ResolveRequiredComponents (6ms)
	FinalizeReload (484ms)
		ReleaseScriptCaches (0ms)
		RebuildScriptCaches (0ms)
		SetupLoadedEditorAssemblies (374ms)
			LogAssemblyErrors (0ms)
			InitializePlatformSupportModulesInManaged (2ms)
			SetLoadedEditorAssemblies (3ms)
			BeforeProcessingInitializeOnLoad (57ms)
			ProcessInitializeOnLoadAttributes (285ms)
			ProcessInitializeOnLoadMethodAttributes (27ms)
			AfterProcessingInitializeOnLoad (1ms)
			EditorAssembliesLoaded (0ms)
		ExecutionOrderSort2 (0ms)
		AwakeInstancesAfterBackupRestoration (5ms)
Refreshing native plugins compatible for Editor in 0.21 ms, found 2 plugins.
Preloading 0 native plugins for Editor in 0.00 ms.
Unloading 14 Unused Serialized files (Serialized files now loaded: 0)
Unloading 5976 unused Assets / (3.9 MB). Loaded Objects now: 6855.
Memory consumption went from 244.4 MB to 240.5 MB.
Total: 5.260709 ms (FindLiveObjects: 0.320542 ms CreateObjectMapping: 0.116542 ms MarkObjects: 3.758166 ms  DeleteObjects: 1.065167 ms)

Prepare: number of updated asset objects reloaded= 0
========================================================================
Received Prepare
Begin MonoManager ReloadAssembly
Thread 0x30e9f3000 may have been prematurely finalized
- Loaded All Assemblies, in  0.350 seconds
Refreshing native plugins compatible for Editor in 0.32 ms, found 2 plugins.
Native extension for WindowsStandalone target not found
Native extension for OSXStandalone target not found
Native extension for WebGL target not found
Mono: successfully reloaded assembly
- Finished resetting the current domain, in  0.498 seconds
Domain Reload Profiling: 850ms
	BeginReloadAssembly (96ms)
		ExecutionOrderSort (0ms)
		DisableScriptedObjects (3ms)
		BackupInstance (0ms)
		ReleaseScriptingObjects (0ms)
		CreateAndSetChildDomain (40ms)
	RebuildCommonClasses (25ms)
	RebuildNativeTypeToScriptingClass (8ms)
	initialDomainReloadingComplete (11ms)
	LoadAllAssembliesAndSetupDomain (211ms)
		LoadAssemblies (129ms)
		RebuildTransferFunctionScriptingTraits (0ms)
		AnalyzeDomain (108ms)
			TypeCache.Refresh (7ms)
				TypeCache.ScanAssembly (0ms)
			BuildScriptInfoCaches (94ms)
			ResolveRequiredComponents (6ms)
	FinalizeReload (498ms)
		ReleaseScriptCaches (0ms)
		RebuildScriptCaches (0ms)
		SetupLoadedEditorAssemblies (388ms)
			LogAssemblyErrors (0ms)
			InitializePlatformSupportModulesInManaged (2ms)
			SetLoadedEditorAssemblies (3ms)
			BeforeProcessingInitializeOnLoad (57ms)
			ProcessInitializeOnLoadAttributes (298ms)
			ProcessInitializeOnLoadMethodAttributes (27ms)
			AfterProcessingInitializeOnLoad (1ms)
			EditorAssembliesLoaded (0ms)
		ExecutionOrderSort2 (0ms)
		AwakeInstancesAfterBackupRestoration (5ms)
Refreshing native plugins compatible for Editor in 0.22 ms, found 2 plugins.
Preloading 0 native plugins for Editor in 0.00 ms.
Unloading 14 Unused Serialized files (Serialized files now loaded: 0)
Unloading 5976 unused Assets / (3.9 MB). Loaded Objects now: 6857.
Memory consumption went from 242.7 MB to 238.8 MB.
Total: 5.253375 ms (FindLiveObjects: 0.324667 ms CreateObjectMapping: 0.130917 ms MarkObjects: 3.725875 ms  DeleteObjects: 1.071667 ms)

Prepare: number of updated asset objects reloaded= 0
========================================================================
Received Prepare
Begin MonoManager ReloadAssembly
Thread 0x30e9f3000 may have been prematurely finalized
- Loaded All Assemblies, in  0.345 seconds
Refreshing native plugins compatible for Editor in 0.24 ms, found 2 plugins.
Native extension for WindowsStandalone target not found
Native extension for OSXStandalone target not found
Native extension for WebGL target not found
Mono: successfully reloaded assembly
- Finished resetting the current domain, in  0.486 seconds
Domain Reload Profiling: 833ms
	BeginReloadAssembly (95ms)
		ExecutionOrderSort (0ms)
		DisableScriptedObjects (3ms)
		BackupInstance (0ms)
		ReleaseScriptingObjects (0ms)
		CreateAndSetChildDomain (42ms)
	RebuildCommonClasses (23ms)
	RebuildNativeTypeToScriptingClass (8ms)
	initialDomainReloadingComplete (11ms)
	LoadAllAssembliesAndSetupDomain (209ms)
		LoadAssemblies (130ms)
		RebuildTransferFunctionScriptingTraits (0ms)
		AnalyzeDomain (104ms)
			TypeCache.Refresh (5ms)
				TypeCache.ScanAssembly (0ms)
			BuildScriptInfoCaches (91ms)
			ResolveRequiredComponents (6ms)
	FinalizeReload (486ms)
		ReleaseScriptCaches (0ms)
		RebuildScriptCaches (0ms)
		SetupLoadedEditorAssemblies (379ms)
			LogAssemblyErrors (0ms)
			InitializePlatformSupportModulesInManaged (2ms)
			SetLoadedEditorAssemblies (3ms)
			BeforeProcessingInitializeOnLoad (57ms)
			ProcessInitializeOnLoadAttributes (289ms)
			ProcessInitializeOnLoadMethodAttributes (28ms)
			AfterProcessingInitializeOnLoad (1ms)
			EditorAssembliesLoaded (0ms)
		ExecutionOrderSort2 (0ms)
		AwakeInstancesAfterBackupRestoration (5ms)
Refreshing native plugins compatible for Editor in 0.23 ms, found 2 plugins.
Preloading 0 native plugins for Editor in 0.00 ms.
Unloading 14 Unused Serialized files (Serialized files now loaded: 0)
Unloading 5976 unused Assets / (3.9 MB). Loaded Objects now: 6859.
Memory consumption went from 242.3 MB to 238.4 MB.
Total: 5.167583 ms (FindLiveObjects: 0.305542 ms CreateObjectMapping: 0.141750 ms MarkObjects: 3.602500 ms  DeleteObjects: 1.117666 ms)

Prepare: number of updated asset objects reloaded= 0
========================================================================
Received Prepare
Begin MonoManager ReloadAssembly
Thread 0x30e9f3000 may have been prematurely finalized
- Loaded All Assemblies, in  0.349 seconds
Refreshing native plugins compatible for Editor in 0.25 ms, found 2 plugins.
Native extension for WindowsStandalone target not found
Native extension for OSXStandalone target not found
Native extension for WebGL target not found
Mono: successfully reloaded assembly
- Finished resetting the current domain, in  0.482 seconds
Domain Reload Profiling: 833ms
	BeginReloadAssembly (98ms)
		ExecutionOrderSort (0ms)
		DisableScriptedObjects (3ms)
		BackupInstance (0ms)
		ReleaseScriptingObjects (0ms)
		CreateAndSetChildDomain (44ms)
	RebuildCommonClasses (24ms)
	RebuildNativeTypeToScriptingClass (9ms)
	initialDomainReloadingComplete (11ms)
	LoadAllAssembliesAndSetupDomain (210ms)
		LoadAssemblies (129ms)
		RebuildTransferFunctionScriptingTraits (0ms)
		AnalyzeDomain (106ms)
			TypeCache.Refresh (5ms)
				TypeCache.ScanAssembly (0ms)
			BuildScriptInfoCaches (94ms)
			ResolveRequiredComponents (6ms)
	FinalizeReload (482ms)
		ReleaseScriptCaches (0ms)
		RebuildScriptCaches (0ms)
		SetupLoadedEditorAssemblies (375ms)
			LogAssemblyErrors (0ms)
			InitializePlatformSupportModulesInManaged (2ms)
			SetLoadedEditorAssemblies (3ms)
			BeforeProcessingInitializeOnLoad (57ms)
			ProcessInitializeOnLoadAttributes (286ms)
			ProcessInitializeOnLoadMethodAttributes (27ms)
			AfterProcessingInitializeOnLoad (1ms)
			EditorAssembliesLoaded (0ms)
		ExecutionOrderSort2 (0ms)
		AwakeInstancesAfterBackupRestoration (5ms)
Refreshing native plugins compatible for Editor in 0.23 ms, found 2 plugins.
Preloading 0 native plugins for Editor in 0.00 ms.
Unloading 14 Unused Serialized files (Serialized files now loaded: 0)
Unloading 5976 unused Assets / (3.8 MB). Loaded Objects now: 6861.
Memory consumption went from 242.3 MB to 238.5 MB.
Total: 5.219334 ms (FindLiveObjects: 0.317791 ms CreateObjectMapping: 0.135709 ms MarkObjects: 3.705041 ms  DeleteObjects: 1.060625 ms)

Prepare: number of updated asset objects reloaded= 0
========================================================================
Received Prepare
Begin MonoManager ReloadAssembly
Thread 0x30e9f3000 may have been prematurely finalized
- Loaded All Assemblies, in  0.351 seconds
Refreshing native plugins compatible for Editor in 0.19 ms, found 2 plugins.
Native extension for WindowsStandalone target not found
Native extension for OSXStandalone target not found
Native extension for WebGL target not found
Mono: successfully reloaded assembly
- Finished resetting the current domain, in  0.485 seconds
Domain Reload Profiling: 838ms
	BeginReloadAssembly (100ms)
		ExecutionOrderSort (0ms)
		DisableScriptedObjects (3ms)
		BackupInstance (0ms)
		ReleaseScriptingObjects (0ms)
		CreateAndSetChildDomain (44ms)
	RebuildCommonClasses (23ms)
	RebuildNativeTypeToScriptingClass (9ms)
	initialDomainReloadingComplete (12ms)
	LoadAllAssembliesAndSetupDomain (208ms)
		LoadAssemblies (132ms)
		RebuildTransferFunctionScriptingTraits (0ms)
		AnalyzeDomain (103ms)
			TypeCache.Refresh (5ms)
				TypeCache.ScanAssembly (0ms)
			BuildScriptInfoCaches (91ms)
			ResolveRequiredComponents (6ms)
	FinalizeReload (485ms)
		ReleaseScriptCaches (0ms)
		RebuildScriptCaches (0ms)
		SetupLoadedEditorAssemblies (380ms)
			LogAssemblyErrors (0ms)
			InitializePlatformSupportModulesInManaged (2ms)
			SetLoadedEditorAssemblies (3ms)
			BeforeProcessingInitializeOnLoad (58ms)
			ProcessInitializeOnLoadAttributes (289ms)
			ProcessInitializeOnLoadMethodAttributes (28ms)
			AfterProcessingInitializeOnLoad (0ms)
			EditorAssembliesLoaded (0ms)
		ExecutionOrderSort2 (0ms)
		AwakeInstancesAfterBackupRestoration (5ms)
Refreshing native plugins compatible for Editor in 0.66 ms, found 2 plugins.
Preloading 0 native plugins for Editor in 0.00 ms.
Unloading 14 Unused Serialized files (Serialized files now loaded: 0)
Unloading 5976 unused Assets / (3.9 MB). Loaded Objects now: 6863.
Memory consumption went from 242.3 MB to 238.4 MB.
Total: 5.101792 ms (FindLiveObjects: 0.323916 ms CreateObjectMapping: 0.162584 ms MarkObjects: 3.590333 ms  DeleteObjects: 1.024750 ms)

Prepare: number of updated asset objects reloaded= 0
========================================================================
Received Prepare
Begin MonoManager ReloadAssembly
Thread 0x30e9f3000 may have been prematurely finalized
- Loaded All Assemblies, in  0.369 seconds
Refreshing native plugins compatible for Editor in 0.21 ms, found 2 plugins.
Native extension for WindowsStandalone target not found
Native extension for OSXStandalone target not found
Native extension for WebGL target not found
Mono: successfully reloaded assembly
- Finished resetting the current domain, in  0.484 seconds
Domain Reload Profiling: 855ms
	BeginReloadAssembly (98ms)
		ExecutionOrderSort (0ms)
		DisableScriptedObjects (3ms)
		BackupInstance (0ms)
		ReleaseScriptingObjects (0ms)
		CreateAndSetChildDomain (43ms)
	RebuildCommonClasses (24ms)
	RebuildNativeTypeToScriptingClass (9ms)
	initialDomainReloadingComplete (12ms)
	LoadAllAssembliesAndSetupDomain (228ms)
		LoadAssemblies (153ms)
		RebuildTransferFunctionScriptingTraits (0ms)
		AnalyzeDomain (101ms)
			TypeCache.Refresh (4ms)
				TypeCache.ScanAssembly (0ms)
			BuildScriptInfoCaches (89ms)
			ResolveRequiredComponents (6ms)
	FinalizeReload (484ms)
		ReleaseScriptCaches (0ms)
		RebuildScriptCaches (0ms)
		SetupLoadedEditorAssemblies (376ms)
			LogAssemblyErrors (0ms)
			InitializePlatformSupportModulesInManaged (2ms)
			SetLoadedEditorAssemblies (3ms)
			BeforeProcessingInitializeOnLoad (55ms)
			ProcessInitializeOnLoadAttributes (286ms)
			ProcessInitializeOnLoadMethodAttributes (29ms)
			AfterProcessingInitializeOnLoad (1ms)
			EditorAssembliesLoaded (0ms)
		ExecutionOrderSort2 (0ms)
		AwakeInstancesAfterBackupRestoration (5ms)
Refreshing native plugins compatible for Editor in 0.28 ms, found 2 plugins.
Preloading 0 native plugins for Editor in 0.00 ms.
Unloading 14 Unused Serialized files (Serialized files now loaded: 0)
Unloading 5976 unused Assets / (3.9 MB). Loaded Objects now: 6865.
Memory consumption went from 242.3 MB to 238.4 MB.
Total: 5.282584 ms (FindLiveObjects: 0.322958 ms CreateObjectMapping: 0.124125 ms MarkObjects: 3.761209 ms  DeleteObjects: 1.074084 ms)

Prepare: number of updated asset objects reloaded= 0
========================================================================
Received Prepare
Begin MonoManager ReloadAssembly
Thread 0x30e9f3000 may have been prematurely finalized
- Loaded All Assemblies, in  0.367 seconds
Refreshing native plugins compatible for Editor in 0.21 ms, found 2 plugins.
Native extension for WindowsStandalone target not found
Native extension for OSXStandalone target not found
Native extension for WebGL target not found
Mono: successfully reloaded assembly
- Finished resetting the current domain, in  0.479 seconds
Domain Reload Profiling: 848ms
	BeginReloadAssembly (95ms)
		ExecutionOrderSort (0ms)
		DisableScriptedObjects (3ms)
		BackupInstance (0ms)
		ReleaseScriptingObjects (0ms)
		CreateAndSetChildDomain (41ms)
	RebuildCommonClasses (24ms)
	RebuildNativeTypeToScriptingClass (8ms)
	initialDomainReloadingComplete (11ms)
	LoadAllAssembliesAndSetupDomain (229ms)
		LoadAssemblies (151ms)
		RebuildTransferFunctionScriptingTraits (0ms)
		AnalyzeDomain (103ms)
			TypeCache.Refresh (5ms)
				TypeCache.ScanAssembly (0ms)
			BuildScriptInfoCaches (90ms)
			ResolveRequiredComponents (6ms)
	FinalizeReload (480ms)
		ReleaseScriptCaches (0ms)
		RebuildScriptCaches (0ms)
		SetupLoadedEditorAssemblies (372ms)
			LogAssemblyErrors (0ms)
			InitializePlatformSupportModulesInManaged (2ms)
			SetLoadedEditorAssemblies (3ms)
			BeforeProcessingInitializeOnLoad (55ms)
			ProcessInitializeOnLoadAttributes (285ms)
			ProcessInitializeOnLoadMethodAttributes (27ms)
			AfterProcessingInitializeOnLoad (1ms)
			EditorAssembliesLoaded (0ms)
		ExecutionOrderSort2 (0ms)
		AwakeInstancesAfterBackupRestoration (5ms)
Refreshing native plugins compatible for Editor in 0.31 ms, found 2 plugins.
Preloading 0 native plugins for Editor in 0.00 ms.
Unloading 14 Unused Serialized files (Serialized files now loaded: 0)
Unloading 5976 unused Assets / (3.2 MB). Loaded Objects now: 6867.
Memory consumption went from 242.3 MB to 239.1 MB.
Total: 5.772708 ms (FindLiveObjects: 0.359792 ms CreateObjectMapping: 0.130458 ms MarkObjects: 4.080959 ms  DeleteObjects: 1.201291 ms)

Prepare: number of updated asset objects reloaded= 0
========================================================================
Received Prepare
Begin MonoManager ReloadAssembly
Thread 0x30e9f3000 may have been prematurely finalized
- Loaded All Assemblies, in  0.369 seconds
Refreshing native plugins compatible for Editor in 0.22 ms, found 2 plugins.
Native extension for WindowsStandalone target not found
Native extension for OSXStandalone target not found
Native extension for WebGL target not found
Mono: successfully reloaded assembly
- Finished resetting the current domain, in  0.477 seconds
Domain Reload Profiling: 848ms
	BeginReloadAssembly (102ms)
		ExecutionOrderSort (0ms)
		DisableScriptedObjects (3ms)
		BackupInstance (0ms)
		ReleaseScriptingObjects (0ms)
		CreateAndSetChildDomain (44ms)
	RebuildCommonClasses (24ms)
	RebuildNativeTypeToScriptingClass (9ms)
	initialDomainReloadingComplete (12ms)
	LoadAllAssembliesAndSetupDomain (223ms)
		LoadAssemblies (148ms)
		RebuildTransferFunctionScriptingTraits (0ms)
		AnalyzeDomain (103ms)
			TypeCache.Refresh (5ms)
				TypeCache.ScanAssembly (0ms)
			BuildScriptInfoCaches (91ms)
			ResolveRequiredComponents (6ms)
	FinalizeReload (477ms)
		ReleaseScriptCaches (0ms)
		RebuildScriptCaches (0ms)
		SetupLoadedEditorAssemblies (369ms)
			LogAssemblyErrors (0ms)
			InitializePlatformSupportModulesInManaged (2ms)
			SetLoadedEditorAssemblies (3ms)
			BeforeProcessingInitializeOnLoad (56ms)
			ProcessInitializeOnLoadAttributes (282ms)
			ProcessInitializeOnLoadMethodAttributes (26ms)
			AfterProcessingInitializeOnLoad (0ms)
			EditorAssembliesLoaded (0ms)
		ExecutionOrderSort2 (0ms)
		AwakeInstancesAfterBackupRestoration (5ms)
Refreshing native plugins compatible for Editor in 0.36 ms, found 2 plugins.
Preloading 0 native plugins for Editor in 0.00 ms.
Unloading 14 Unused Serialized files (Serialized files now loaded: 0)
Unloading 5976 unused Assets / (3.4 MB). Loaded Objects now: 6869.
Memory consumption went from 242.3 MB to 239.0 MB.
Total: 5.743125 ms (FindLiveObjects: 0.345958 ms CreateObjectMapping: 0.153041 ms MarkObjects: 4.072125 ms  DeleteObjects: 1.171750 ms)

Prepare: number of updated asset objects reloaded= 0
========================================================================
Received Prepare
Begin MonoManager ReloadAssembly
Thread 0x30e9f3000 may have been prematurely finalized
- Loaded All Assemblies, in  0.360 seconds
Refreshing native plugins compatible for Editor in 0.22 ms, found 2 plugins.
Native extension for WindowsStandalone target not found
Native extension for OSXStandalone target not found
Native extension for WebGL target not found
Mono: successfully reloaded assembly
- Finished resetting the current domain, in  0.486 seconds
Domain Reload Profiling: 848ms
	BeginReloadAssembly (99ms)
		ExecutionOrderSort (0ms)
		DisableScriptedObjects (3ms)
		BackupInstance (0ms)
		ReleaseScriptingObjects (0ms)
		CreateAndSetChildDomain (44ms)
	RebuildCommonClasses (24ms)
	RebuildNativeTypeToScriptingClass (9ms)
	initialDomainReloadingComplete (11ms)
	LoadAllAssembliesAndSetupDomain (219ms)
		LoadAssemblies (144ms)
		RebuildTransferFunctionScriptingTraits (0ms)
		AnalyzeDomain (101ms)
			TypeCache.Refresh (5ms)
				TypeCache.ScanAssembly (0ms)
			BuildScriptInfoCaches (89ms)
			ResolveRequiredComponents (6ms)
	FinalizeReload (486ms)
		ReleaseScriptCaches (0ms)
		RebuildScriptCaches (0ms)
		SetupLoadedEditorAssemblies (378ms)
			LogAssemblyErrors (0ms)
			InitializePlatformSupportModulesInManaged (2ms)
			SetLoadedEditorAssemblies (3ms)
			BeforeProcessingInitializeOnLoad (56ms)
			ProcessInitializeOnLoadAttributes (290ms)
			ProcessInitializeOnLoadMethodAttributes (27ms)
			AfterProcessingInitializeOnLoad (1ms)
			EditorAssembliesLoaded (0ms)
		ExecutionOrderSort2 (0ms)
		AwakeInstancesAfterBackupRestoration (5ms)
Refreshing native plugins compatible for Editor in 0.30 ms, found 2 plugins.
Preloading 0 native plugins for Editor in 0.00 ms.
Unloading 14 Unused Serialized files (Serialized files now loaded: 0)
Unloading 5976 unused Assets / (3.5 MB). Loaded Objects now: 6871.
Memory consumption went from 242.3 MB to 238.8 MB.
Total: 5.894917 ms (FindLiveObjects: 0.379041 ms CreateObjectMapping: 0.133375 ms MarkObjects: 4.075500 ms  DeleteObjects: 1.306708 ms)

Prepare: number of updated asset objects reloaded= 0
========================================================================
Received Prepare
Begin MonoManager ReloadAssembly
Thread 0x30e9f3000 may have been prematurely finalized
- Loaded All Assemblies, in  0.396 seconds
Refreshing native plugins compatible for Editor in 0.23 ms, found 2 plugins.
Native extension for WindowsStandalone target not found
Native extension for OSXStandalone target not found
Native extension for WebGL target not found
Mono: successfully reloaded assembly
- Finished resetting the current domain, in  0.497 seconds
Domain Reload Profiling: 896ms
	BeginReloadAssembly (104ms)
		ExecutionOrderSort (0ms)
		DisableScriptedObjects (3ms)
		BackupInstance (0ms)
		ReleaseScriptingObjects (0ms)
		CreateAndSetChildDomain (41ms)
	RebuildCommonClasses (24ms)
	RebuildNativeTypeToScriptingClass (8ms)
	initialDomainReloadingComplete (12ms)
	LoadAllAssembliesAndSetupDomain (251ms)
		LoadAssemblies (178ms)
		RebuildTransferFunctionScriptingTraits (0ms)
		AnalyzeDomain (107ms)
			TypeCache.Refresh (8ms)
				TypeCache.ScanAssembly (0ms)
			BuildScriptInfoCaches (91ms)
			ResolveRequiredComponents (6ms)
	FinalizeReload (497ms)
		ReleaseScriptCaches (0ms)
		RebuildScriptCaches (0ms)
		SetupLoadedEditorAssemblies (391ms)
			LogAssemblyErrors (0ms)
			InitializePlatformSupportModulesInManaged (2ms)
			SetLoadedEditorAssemblies (4ms)
			BeforeProcessingInitializeOnLoad (56ms)
			ProcessInitializeOnLoadAttributes (302ms)
			ProcessInitializeOnLoadMethodAttributes (27ms)
			AfterProcessingInitializeOnLoad (1ms)
			EditorAssembliesLoaded (0ms)
		ExecutionOrderSort2 (0ms)
		AwakeInstancesAfterBackupRestoration (5ms)
Refreshing native plugins compatible for Editor in 0.29 ms, found 2 plugins.
Preloading 0 native plugins for Editor in 0.00 ms.
Unloading 14 Unused Serialized files (Serialized files now loaded: 0)
Unloading 5976 unused Assets / (3.6 MB). Loaded Objects now: 6873.
Memory consumption went from 242.3 MB to 238.7 MB.
Total: 5.487666 ms (FindLiveObjects: 0.325042 ms CreateObjectMapping: 0.125417 ms MarkObjects: 3.873000 ms  DeleteObjects: 1.164084 ms)

Prepare: number of updated asset objects reloaded= 0
========================================================================
Received Prepare
Begin MonoManager ReloadAssembly
Thread 0x30e9f3000 may have been prematurely finalized
- Loaded All Assemblies, in  0.344 seconds
Refreshing native plugins compatible for Editor in 0.22 ms, found 2 plugins.
Native extension for WindowsStandalone target not found
Native extension for OSXStandalone target not found
Native extension for WebGL target not found
Mono: successfully reloaded assembly
- Finished resetting the current domain, in  0.476 seconds
Domain Reload Profiling: 821ms
	BeginReloadAssembly (98ms)
		ExecutionOrderSort (0ms)
		DisableScriptedObjects (3ms)
		BackupInstance (0ms)
		ReleaseScriptingObjects (0ms)
		CreateAndSetChildDomain (43ms)
	RebuildCommonClasses (24ms)
	RebuildNativeTypeToScriptingClass (8ms)
	initialDomainReloadingComplete (11ms)
	LoadAllAssembliesAndSetupDomain (204ms)
		LoadAssemblies (125ms)
		RebuildTransferFunctionScriptingTraits (0ms)
		AnalyzeDomain (104ms)
			TypeCache.Refresh (4ms)
				TypeCache.ScanAssembly (0ms)
			BuildScriptInfoCaches (91ms)
			ResolveRequiredComponents (6ms)
	FinalizeReload (476ms)
		ReleaseScriptCaches (0ms)
		RebuildScriptCaches (0ms)
		SetupLoadedEditorAssemblies (368ms)
			LogAssemblyErrors (0ms)
			InitializePlatformSupportModulesInManaged (2ms)
			SetLoadedEditorAssemblies (3ms)
			BeforeProcessingInitializeOnLoad (54ms)
			ProcessInitializeOnLoadAttributes (282ms)
			ProcessInitializeOnLoadMethodAttributes (27ms)
			AfterProcessingInitializeOnLoad (1ms)
			EditorAssembliesLoaded (0ms)
		ExecutionOrderSort2 (0ms)
		AwakeInstancesAfterBackupRestoration (5ms)
Refreshing native plugins compatible for Editor in 0.34 ms, found 2 plugins.
Preloading 0 native plugins for Editor in 0.00 ms.
Unloading 14 Unused Serialized files (Serialized files now loaded: 0)
Unloading 5976 unused Assets / (3.7 MB). Loaded Objects now: 6875.
Memory consumption went from 242.3 MB to 238.7 MB.
Total: 6.000417 ms (FindLiveObjects: 0.308500 ms CreateObjectMapping: 0.141459 ms MarkObjects: 4.403042 ms  DeleteObjects: 1.147167 ms)

Prepare: number of updated asset objects reloaded= 0
========================================================================
Received Prepare
Begin MonoManager ReloadAssembly
Thread 0x30e9f3000 may have been prematurely finalized
- Loaded All Assemblies, in  0.357 seconds
Refreshing native plugins compatible for Editor in 0.22 ms, found 2 plugins.
Native extension for WindowsStandalone target not found
Native extension for OSXStandalone target not found
Native extension for WebGL target not found
Mono: successfully reloaded assembly
- Finished resetting the current domain, in  0.482 seconds
Domain Reload Profiling: 842ms
	BeginReloadAssembly (102ms)
		ExecutionOrderSort (0ms)
		DisableScriptedObjects (4ms)
		BackupInstance (0ms)
		ReleaseScriptingObjects (0ms)
		CreateAndSetChildDomain (46ms)
	RebuildCommonClasses (23ms)
	RebuildNativeTypeToScriptingClass (9ms)
	initialDomainReloadingComplete (12ms)
	LoadAllAssembliesAndSetupDomain (214ms)
		LoadAssemblies (133ms)
		RebuildTransferFunctionScriptingTraits (0ms)
		AnalyzeDomain (107ms)
			TypeCache.Refresh (5ms)
				TypeCache.ScanAssembly (0ms)
			BuildScriptInfoCaches (94ms)
			ResolveRequiredComponents (6ms)
	FinalizeReload (483ms)
		ReleaseScriptCaches (0ms)
		RebuildScriptCaches (0ms)
		SetupLoadedEditorAssemblies (377ms)
			LogAssemblyErrors (0ms)
			InitializePlatformSupportModulesInManaged (2ms)
			SetLoadedEditorAssemblies (3ms)
			BeforeProcessingInitializeOnLoad (55ms)
			ProcessInitializeOnLoadAttributes (288ms)
			ProcessInitializeOnLoadMethodAttributes (28ms)
			AfterProcessingInitializeOnLoad (1ms)
			EditorAssembliesLoaded (0ms)
		ExecutionOrderSort2 (0ms)
		AwakeInstancesAfterBackupRestoration (5ms)
Refreshing native plugins compatible for Editor in 0.24 ms, found 2 plugins.
Preloading 0 native plugins for Editor in 0.00 ms.
Unloading 14 Unused Serialized files (Serialized files now loaded: 0)
Unloading 5976 unused Assets / (3.6 MB). Loaded Objects now: 6877.
Memory consumption went from 242.3 MB to 238.7 MB.
Total: 5.980209 ms (FindLiveObjects: 0.333209 ms CreateObjectMapping: 0.123584 ms MarkObjects: 4.302708 ms  DeleteObjects: 1.220500 ms)

Prepare: number of updated asset objects reloaded= 0
========================================================================
Received Prepare
Refreshing native plugins compatible for Editor in 0.22 ms, found 2 plugins.
Preloading 0 native plugins for Editor in 0.00 ms.
Unloading 14 Unused Serialized files (Serialized files now loaded: 0)
Unloading 5969 unused Assets / (2.9 MB). Loaded Objects now: 6877.
Memory consumption went from 233.6 MB to 230.7 MB.
Total: 5.515208 ms (FindLiveObjects: 0.319292 ms CreateObjectMapping: 0.135208 ms MarkObjects: 3.950334 ms  DeleteObjects: 1.110084 ms)

Prepare: number of updated asset objects reloaded= 0
========================================================================
Received Prepare
Begin MonoManager ReloadAssembly
Thread 0x30e9f3000 may have been prematurely finalized
- Loaded All Assemblies, in  0.348 seconds
Refreshing native plugins compatible for Editor in 0.19 ms, found 2 plugins.
Native extension for WindowsStandalone target not found
Native extension for OSXStandalone target not found
Native extension for WebGL target not found
Mono: successfully reloaded assembly
- Finished resetting the current domain, in  0.491 seconds
Domain Reload Profiling: 841ms
	BeginReloadAssembly (96ms)
		ExecutionOrderSort (0ms)
		DisableScriptedObjects (3ms)
		BackupInstance (0ms)
		ReleaseScriptingObjects (0ms)
		CreateAndSetChildDomain (42ms)
	RebuildCommonClasses (24ms)
	RebuildNativeTypeToScriptingClass (9ms)
	initialDomainReloadingComplete (12ms)
	LoadAllAssembliesAndSetupDomain (208ms)
		LoadAssemblies (129ms)
		RebuildTransferFunctionScriptingTraits (0ms)
		AnalyzeDomain (104ms)
			TypeCache.Refresh (7ms)
				TypeCache.ScanAssembly (0ms)
			BuildScriptInfoCaches (90ms)
			ResolveRequiredComponents (6ms)
	FinalizeReload (491ms)
		ReleaseScriptCaches (0ms)
		RebuildScriptCaches (0ms)
		SetupLoadedEditorAssemblies (384ms)
			LogAssemblyErrors (0ms)
			InitializePlatformSupportModulesInManaged (2ms)
			SetLoadedEditorAssemblies (3ms)
			BeforeProcessingInitializeOnLoad (57ms)
			ProcessInitializeOnLoadAttributes (295ms)
			ProcessInitializeOnLoadMethodAttributes (27ms)
			AfterProcessingInitializeOnLoad (1ms)
			EditorAssembliesLoaded (0ms)
		ExecutionOrderSort2 (0ms)
		AwakeInstancesAfterBackupRestoration (5ms)
Refreshing native plugins compatible for Editor in 0.22 ms, found 2 plugins.
Preloading 0 native plugins for Editor in 0.00 ms.
Unloading 14 Unused Serialized files (Serialized files now loaded: 0)
Unloading 5976 unused Assets / (3.9 MB). Loaded Objects now: 6879.
Memory consumption went from 242.3 MB to 238.4 MB.
Total: 5.134709 ms (FindLiveObjects: 0.321458 ms CreateObjectMapping: 0.123625 ms MarkObjects: 3.586291 ms  DeleteObjects: 1.103042 ms)

Prepare: number of updated asset objects reloaded= 0
========================================================================
Received Prepare
Begin MonoManager ReloadAssembly
Thread 0x30e9f3000 may have been prematurely finalized
- Loaded All Assemblies, in  0.350 seconds
Refreshing native plugins compatible for Editor in 0.21 ms, found 2 plugins.
Native extension for WindowsStandalone target not found
Native extension for OSXStandalone target not found
Native extension for WebGL target not found
Mono: successfully reloaded assembly
- Finished resetting the current domain, in  0.485 seconds
Domain Reload Profiling: 837ms
	BeginReloadAssembly (101ms)
		ExecutionOrderSort (0ms)
		DisableScriptedObjects (3ms)
		BackupInstance (0ms)
		ReleaseScriptingObjects (0ms)
		CreateAndSetChildDomain (46ms)
	RebuildCommonClasses (24ms)
	RebuildNativeTypeToScriptingClass (9ms)
	initialDomainReloadingComplete (11ms)
	LoadAllAssembliesAndSetupDomain (207ms)
		LoadAssemblies (129ms)
		RebuildTransferFunctionScriptingTraits (0ms)
		AnalyzeDomain (104ms)
			TypeCache.Refresh (4ms)
				TypeCache.ScanAssembly (0ms)
			BuildScriptInfoCaches (91ms)
			ResolveRequiredComponents (6ms)
	FinalizeReload (485ms)
		ReleaseScriptCaches (0ms)
		RebuildScriptCaches (0ms)
		SetupLoadedEditorAssemblies (378ms)
			LogAssemblyErrors (0ms)
			InitializePlatformSupportModulesInManaged (2ms)
			SetLoadedEditorAssemblies (3ms)
			BeforeProcessingInitializeOnLoad (57ms)
			ProcessInitializeOnLoadAttributes (288ms)
			ProcessInitializeOnLoadMethodAttributes (28ms)
			AfterProcessingInitializeOnLoad (1ms)
			EditorAssembliesLoaded (0ms)
		ExecutionOrderSort2 (0ms)
		AwakeInstancesAfterBackupRestoration (5ms)
Refreshing native plugins compatible for Editor in 0.29 ms, found 2 plugins.
Preloading 0 native plugins for Editor in 0.00 ms.
Unloading 14 Unused Serialized files (Serialized files now loaded: 0)
Unloading 5976 unused Assets / (3.8 MB). Loaded Objects now: 6881.
Memory consumption went from 242.3 MB to 238.5 MB.
Total: 5.986083 ms (FindLiveObjects: 0.363458 ms CreateObjectMapping: 0.150542 ms MarkObjects: 4.294500 ms  DeleteObjects: 1.177375 ms)

Prepare: number of updated asset objects reloaded= 0
========================================================================
Received Import Request.
  Time since last request: 1826.891979 seconds.
  path: Assets/Prefabs/Boss Enemy.prefab
  artifactKey: Guid(a3d1f6ada9b06401bbfb21f377694193) Importer(815301076,1909f56bfc062723c751e8b465ee728b)
Start importing Assets/Prefabs/Boss Enemy.prefab using Guid(a3d1f6ada9b06401bbfb21f377694193) Importer(815301076,1909f56bfc062723c751e8b465ee728b) (PreviewImporter) -> (artifact id: '1a0deaa15aa21539691dd1c3d17868ef') in 0.26441025 seconds
Number of updated asset objects reloaded before import = 0Number of asset objects unloaded after import = 174

========================================================================
Received Import Request.
  Time since last request: 23.787368 seconds.
  path: Assets/Prefabs/Boss Enemy.prefab
  artifactKey: Guid(a3d1f6ada9b06401bbfb21f377694193) Importer(815301076,1909f56bfc062723c751e8b465ee728b)
Start importing Assets/Prefabs/Boss Enemy.prefab using Guid(a3d1f6ada9b06401bbfb21f377694193) Importer(815301076,1909f56bfc062723c751e8b465ee728b) (PreviewImporter) -> (artifact id: '054a37302e526ec4669a06328833e41c') in 0.02179225 seconds
Number of updated asset objects reloaded before import = 0Number of asset objects unloaded after import = 174

========================================================================
Received Prepare
Begin MonoManager ReloadAssembly
Thread 0x30e9f3000 may have been prematurely finalized
- Loaded All Assemblies, in  0.365 seconds
Refreshing native plugins compatible for Editor in 0.21 ms, found 2 plugins.
Native extension for WindowsStandalone target not found
Native extension for OSXStandalone target not found
Native extension for WebGL target not found
Mono: successfully reloaded assembly
- Finished resetting the current domain, in  0.481 seconds
Domain Reload Profiling: 848ms
	BeginReloadAssembly (113ms)
		ExecutionOrderSort (0ms)
		DisableScriptedObjects (10ms)
		BackupInstance (0ms)
		ReleaseScriptingObjects (0ms)
		CreateAndSetChildDomain (54ms)
	RebuildCommonClasses (24ms)
	RebuildNativeTypeToScriptingClass (9ms)
	initialDomainReloadingComplete (12ms)
	LoadAllAssembliesAndSetupDomain (208ms)
		LoadAssemblies (131ms)
		RebuildTransferFunctionScriptingTraits (0ms)
		AnalyzeDomain (101ms)
			TypeCache.Refresh (4ms)
				TypeCache.ScanAssembly (0ms)
			BuildScriptInfoCaches (89ms)
			ResolveRequiredComponents (6ms)
	FinalizeReload (481ms)
		ReleaseScriptCaches (0ms)
		RebuildScriptCaches (0ms)
		SetupLoadedEditorAssemblies (373ms)
			LogAssemblyErrors (0ms)
			InitializePlatformSupportModulesInManaged (2ms)
			SetLoadedEditorAssemblies (3ms)
			BeforeProcessingInitializeOnLoad (55ms)
			ProcessInitializeOnLoadAttributes (285ms)
			ProcessInitializeOnLoadMethodAttributes (28ms)
			AfterProcessingInitializeOnLoad (1ms)
			EditorAssembliesLoaded (0ms)
		ExecutionOrderSort2 (0ms)
		AwakeInstancesAfterBackupRestoration (5ms)
Refreshing native plugins compatible for Editor in 0.22 ms, found 2 plugins.
Preloading 0 native plugins for Editor in 0.00 ms.
Unloading 14 Unused Serialized files (Serialized files now loaded: 0)
Unloading 5977 unused Assets / (3.9 MB). Loaded Objects now: 6903.
Memory consumption went from 249.8 MB to 245.9 MB.
Total: 5.550208 ms (FindLiveObjects: 0.332250 ms CreateObjectMapping: 0.133125 ms MarkObjects: 3.852958 ms  DeleteObjects: 1.231458 ms)

Prepare: number of updated asset objects reloaded= 0
========================================================================
Received Prepare
Refreshing native plugins compatible for Editor in 0.20 ms, found 2 plugins.
Preloading 0 native plugins for Editor in 0.00 ms.
Unloading 14 Unused Serialized files (Serialized files now loaded: 0)
Unloading 5969 unused Assets / (3.6 MB). Loaded Objects now: 6903.
Memory consumption went from 237.8 MB to 234.2 MB.
Total: 5.238167 ms (FindLiveObjects: 0.309167 ms CreateObjectMapping: 0.110542 ms MarkObjects: 3.665958 ms  DeleteObjects: 1.152333 ms)

Prepare: number of updated asset objects reloaded= 0
========================================================================
Received Prepare
Begin MonoManager ReloadAssembly
Thread 0x30e9f3000 may have been prematurely finalized
- Loaded All Assemblies, in  0.364 seconds
Refreshing native plugins compatible for Editor in 0.23 ms, found 2 plugins.
Native extension for WindowsStandalone target not found
Native extension for OSXStandalone target not found
Native extension for WebGL target not found
Mono: successfully reloaded assembly
- Finished resetting the current domain, in  0.509 seconds
Domain Reload Profiling: 874ms
	BeginReloadAssembly (99ms)
		ExecutionOrderSort (0ms)
		DisableScriptedObjects (3ms)
		BackupInstance (0ms)
		ReleaseScriptingObjects (0ms)
		CreateAndSetChildDomain (44ms)
	RebuildCommonClasses (25ms)
	RebuildNativeTypeToScriptingClass (9ms)
	initialDomainReloadingComplete (12ms)
	LoadAllAssembliesAndSetupDomain (220ms)
		LoadAssemblies (135ms)
		RebuildTransferFunctionScriptingTraits (0ms)
		AnalyzeDomain (110ms)
			TypeCache.Refresh (7ms)
				TypeCache.ScanAssembly (1ms)
			BuildScriptInfoCaches (96ms)
			ResolveRequiredComponents (6ms)
	FinalizeReload (509ms)
		ReleaseScriptCaches (0ms)
		RebuildScriptCaches (0ms)
		SetupLoadedEditorAssemblies (399ms)
			LogAssemblyErrors (0ms)
			InitializePlatformSupportModulesInManaged (2ms)
			SetLoadedEditorAssemblies (3ms)
			BeforeProcessingInitializeOnLoad (58ms)
			ProcessInitializeOnLoadAttributes (302ms)
			ProcessInitializeOnLoadMethodAttributes (32ms)
			AfterProcessingInitializeOnLoad (2ms)
			EditorAssembliesLoaded (0ms)
		ExecutionOrderSort2 (0ms)
		AwakeInstancesAfterBackupRestoration (6ms)
Refreshing native plugins compatible for Editor in 0.25 ms, found 2 plugins.
Preloading 0 native plugins for Editor in 0.00 ms.
Unloading 14 Unused Serialized files (Serialized files now loaded: 0)
Unloading 5976 unused Assets / (3.6 MB). Loaded Objects now: 6905.
Memory consumption went from 246.4 MB to 242.8 MB.
Total: 6.030958 ms (FindLiveObjects: 0.334292 ms CreateObjectMapping: 0.140166 ms MarkObjects: 4.358084 ms  DeleteObjects: 1.198125 ms)

Prepare: number of updated asset objects reloaded= 0
========================================================================
Received Prepare
Begin MonoManager ReloadAssembly
Thread 0x30e9f3000 may have been prematurely finalized
- Loaded All Assemblies, in  0.348 seconds
Refreshing native plugins compatible for Editor in 0.21 ms, found 2 plugins.
Native extension for WindowsStandalone target not found
Native extension for OSXStandalone target not found
Native extension for WebGL target not found
Mono: successfully reloaded assembly
- Finished resetting the current domain, in  0.482 seconds
Domain Reload Profiling: 831ms
	BeginReloadAssembly (101ms)
		ExecutionOrderSort (0ms)
		DisableScriptedObjects (3ms)
		BackupInstance (0ms)
		ReleaseScriptingObjects (0ms)
		CreateAndSetChildDomain (44ms)
	RebuildCommonClasses (25ms)
	RebuildNativeTypeToScriptingClass (9ms)
	initialDomainReloadingComplete (11ms)
	LoadAllAssembliesAndSetupDomain (204ms)
		LoadAssemblies (129ms)
		RebuildTransferFunctionScriptingTraits (0ms)
		AnalyzeDomain (102ms)
			TypeCache.Refresh (4ms)
				TypeCache.ScanAssembly (0ms)
			BuildScriptInfoCaches (90ms)
			ResolveRequiredComponents (6ms)
	FinalizeReload (482ms)
		ReleaseScriptCaches (0ms)
		RebuildScriptCaches (0ms)
		SetupLoadedEditorAssemblies (374ms)
			LogAssemblyErrors (0ms)
			InitializePlatformSupportModulesInManaged (2ms)
			SetLoadedEditorAssemblies (3ms)
			BeforeProcessingInitializeOnLoad (56ms)
			ProcessInitializeOnLoadAttributes (284ms)
			ProcessInitializeOnLoadMethodAttributes (28ms)
			AfterProcessingInitializeOnLoad (1ms)
			EditorAssembliesLoaded (0ms)
		ExecutionOrderSort2 (0ms)
		AwakeInstancesAfterBackupRestoration (5ms)
Refreshing native plugins compatible for Editor in 0.28 ms, found 2 plugins.
Preloading 0 native plugins for Editor in 0.00 ms.
Unloading 14 Unused Serialized files (Serialized files now loaded: 0)
Unloading 5976 unused Assets / (4.0 MB). Loaded Objects now: 6907.
Memory consumption went from 246.4 MB to 242.4 MB.
Total: 5.304500 ms (FindLiveObjects: 0.314334 ms CreateObjectMapping: 0.119458 ms MarkObjects: 3.655417 ms  DeleteObjects: 1.214958 ms)

Prepare: number of updated asset objects reloaded= 0
========================================================================
Received Prepare
Begin MonoManager ReloadAssembly
Thread 0x30e9f3000 may have been prematurely finalized
- Loaded All Assemblies, in  0.353 seconds
Refreshing native plugins compatible for Editor in 0.28 ms, found 2 plugins.
Native extension for WindowsStandalone target not found
Native extension for OSXStandalone target not found
Native extension for WebGL target not found
Mono: successfully reloaded assembly
- Finished resetting the current domain, in  0.485 seconds
Domain Reload Profiling: 841ms
	BeginReloadAssembly (102ms)
		ExecutionOrderSort (0ms)
		DisableScriptedObjects (3ms)
		BackupInstance (0ms)
		ReleaseScriptingObjects (0ms)
		CreateAndSetChildDomain (45ms)
	RebuildCommonClasses (24ms)
	RebuildNativeTypeToScriptingClass (9ms)
	initialDomainReloadingComplete (11ms)
	LoadAllAssembliesAndSetupDomain (210ms)
		LoadAssemblies (133ms)
		RebuildTransferFunctionScriptingTraits (0ms)
		AnalyzeDomain (105ms)
			TypeCache.Refresh (5ms)
				TypeCache.ScanAssembly (0ms)
			BuildScriptInfoCaches (92ms)
			ResolveRequiredComponents (6ms)
	FinalizeReload (485ms)
		ReleaseScriptCaches (0ms)
		RebuildScriptCaches (0ms)
		SetupLoadedEditorAssemblies (377ms)
			LogAssemblyErrors (0ms)
			InitializePlatformSupportModulesInManaged (2ms)
			SetLoadedEditorAssemblies (3ms)
			BeforeProcessingInitializeOnLoad (56ms)
			ProcessInitializeOnLoadAttributes (287ms)
			ProcessInitializeOnLoadMethodAttributes (28ms)
			AfterProcessingInitializeOnLoad (1ms)
			EditorAssembliesLoaded (0ms)
		ExecutionOrderSort2 (0ms)
		AwakeInstancesAfterBackupRestoration (5ms)
Refreshing native plugins compatible for Editor in 0.23 ms, found 2 plugins.
Preloading 0 native plugins for Editor in 0.00 ms.
Unloading 14 Unused Serialized files (Serialized files now loaded: 0)
Unloading 5976 unused Assets / (3.4 MB). Loaded Objects now: 6909.
Memory consumption went from 246.4 MB to 243.0 MB.
Total: 5.514458 ms (FindLiveObjects: 0.334875 ms CreateObjectMapping: 0.123542 ms MarkObjects: 3.875292 ms  DeleteObjects: 1.180500 ms)

Prepare: number of updated asset objects reloaded= 0
========================================================================
Received Import Request.
  Time since last request: 691.938948 seconds.
  path: Assets/Prefabs/Enemy.prefab
  artifactKey: Guid(2b33d309c796b4407a63b7a7307daea2) Importer(815301076,1909f56bfc062723c751e8b465ee728b)
Start importing Assets/Prefabs/Enemy.prefab using Guid(2b33d309c796b4407a63b7a7307daea2) Importer(815301076,1909f56bfc062723c751e8b465ee728b) (PreviewImporter) -> (artifact id: 'a1bda9afe00608255a6236cf6aa9baaf') in 0.265256583 seconds
Number of updated asset objects reloaded before import = 1Number of asset objects unloaded after import = 43

========================================================================
Received Import Request.
  Time since last request: 6.965937 seconds.
  path: Assets/Prefabs/Enemy.prefab
  artifactKey: Guid(2b33d309c796b4407a63b7a7307daea2) Importer(815301076,1909f56bfc062723c751e8b465ee728b)
Start importing Assets/Prefabs/Enemy.prefab using Guid(2b33d309c796b4407a63b7a7307daea2) Importer(815301076,1909f56bfc062723c751e8b465ee728b) (PreviewImporter) -> (artifact id: '65f00d2d83839d0bd017b68fbf12a2f3') in 0.012326167 seconds
Number of updated asset objects reloaded before import = 0Number of asset objects unloaded after import = 43

========================================================================
Received Import Request.
  Time since last request: 8.480031 seconds.
  path: Assets/Prefabs/Enemy.prefab
  artifactKey: Guid(2b33d309c796b4407a63b7a7307daea2) Importer(815301076,1909f56bfc062723c751e8b465ee728b)
Start importing Assets/Prefabs/Enemy.prefab using Guid(2b33d309c796b4407a63b7a7307daea2) Importer(815301076,1909f56bfc062723c751e8b465ee728b) (PreviewImporter) -> (artifact id: 'b2bfda112651e419635b3f8628b1c492') in 0.011759334 seconds
Number of updated asset objects reloaded before import = 0Number of asset objects unloaded after import = 43

========================================================================
Received Import Request.
  Time since last request: 7.065427 seconds.
  path: Assets/Prefabs/Enemy.prefab
  artifactKey: Guid(2b33d309c796b4407a63b7a7307daea2) Importer(815301076,1909f56bfc062723c751e8b465ee728b)
Start importing Assets/Prefabs/Enemy.prefab using Guid(2b33d309c796b4407a63b7a7307daea2) Importer(815301076,1909f56bfc062723c751e8b465ee728b) (PreviewImporter) -> (artifact id: 'f97f4540c9e283743b4dcdb59bf13857') in 0.01211775 seconds
Number of updated asset objects reloaded before import = 0Number of asset objects unloaded after import = 43

========================================================================
Received Import Request.
  Time since last request: 7.862415 seconds.
  path: Assets/Prefabs/Enemy.prefab
  artifactKey: Guid(2b33d309c796b4407a63b7a7307daea2) Importer(815301076,1909f56bfc062723c751e8b465ee728b)
Start importing Assets/Prefabs/Enemy.prefab using Guid(2b33d309c796b4407a63b7a7307daea2) Importer(815301076,1909f56bfc062723c751e8b465ee728b) (PreviewImporter) -> (artifact id: '083b390054eac22522c2bf6209984814') in 0.0120205 seconds
Number of updated asset objects reloaded before import = 0Number of asset objects unloaded after import = 43

========================================================================
Received Import Request.
  Time since last request: 19.443909 seconds.
  path: Assets/Prefabs/Boss Enemy.prefab
  artifactKey: Guid(a3d1f6ada9b06401bbfb21f377694193) Importer(815301076,1909f56bfc062723c751e8b465ee728b)
Start importing Assets/Prefabs/Boss Enemy.prefab using Guid(a3d1f6ada9b06401bbfb21f377694193) Importer(815301076,1909f56bfc062723c751e8b465ee728b) (PreviewImporter) -> (artifact id: '75f4503c83ed1f4b933dbfe02c2a36a8') in 0.036875042 seconds
Number of updated asset objects reloaded before import = 0Number of asset objects unloaded after import = 179

========================================================================
Received Import Request.
  Time since last request: 2.554925 seconds.
  path: Assets/Prefabs/Boss Enemy.prefab
  artifactKey: Guid(a3d1f6ada9b06401bbfb21f377694193) Importer(815301076,1909f56bfc062723c751e8b465ee728b)
Start importing Assets/Prefabs/Boss Enemy.prefab using Guid(a3d1f6ada9b06401bbfb21f377694193) Importer(815301076,1909f56bfc062723c751e8b465ee728b) (PreviewImporter) -> (artifact id: '1688e2ee6cc612cf19ba6d26907a8586') in 0.020849584 seconds
Number of updated asset objects reloaded before import = 0Number of asset objects unloaded after import = 179

========================================================================
Received Import Request.
  Time since last request: 1.585895 seconds.
  path: Assets/Prefabs/Boss Enemy.prefab
  artifactKey: Guid(a3d1f6ada9b06401bbfb21f377694193) Importer(815301076,1909f56bfc062723c751e8b465ee728b)
Start importing Assets/Prefabs/Boss Enemy.prefab using Guid(a3d1f6ada9b06401bbfb21f377694193) Importer(815301076,1909f56bfc062723c751e8b465ee728b) (PreviewImporter) -> (artifact id: '5a273a52c452b97b96693dc7dfcd9a3c') in 0.019834791 seconds
Number of updated asset objects reloaded before import = 0Number of asset objects unloaded after import = 179

========================================================================
Received Import Request.
  Time since last request: 1.376082 seconds.
  path: Assets/Prefabs/Boss Enemy.prefab
  artifactKey: Guid(a3d1f6ada9b06401bbfb21f377694193) Importer(815301076,1909f56bfc062723c751e8b465ee728b)
Start importing Assets/Prefabs/Boss Enemy.prefab using Guid(a3d1f6ada9b06401bbfb21f377694193) Importer(815301076,1909f56bfc062723c751e8b465ee728b) (PreviewImporter) -> (artifact id: 'df6dbbf56c9ce5295f7af04173148ab9') in 0.020152958 seconds
Number of updated asset objects reloaded before import = 0Number of asset objects unloaded after import = 179

========================================================================
Received Import Request.
  Time since last request: 4.826733 seconds.
  path: Assets/Prefabs/Boss Enemy.prefab
  artifactKey: Guid(a3d1f6ada9b06401bbfb21f377694193) Importer(815301076,1909f56bfc062723c751e8b465ee728b)
Start importing Assets/Prefabs/Boss Enemy.prefab using Guid(a3d1f6ada9b06401bbfb21f377694193) Importer(815301076,1909f56bfc062723c751e8b465ee728b) (PreviewImporter) -> (artifact id: 'acf0aba74e0837fa5ab1a60011bf8f33') in 0.019623125 seconds
Number of updated asset objects reloaded before import = 0Number of asset objects unloaded after import = 179

========================================================================
Received Import Request.
  Time since last request: 16.372296 seconds.
  path: Assets/Prefabs/Boss Enemy.prefab
  artifactKey: Guid(a3d1f6ada9b06401bbfb21f377694193) Importer(815301076,1909f56bfc062723c751e8b465ee728b)
Start importing Assets/Prefabs/Boss Enemy.prefab using Guid(a3d1f6ada9b06401bbfb21f377694193) Importer(815301076,1909f56bfc062723c751e8b465ee728b) (PreviewImporter) -> (artifact id: '1bd6d4ab182d2ae731af39db95bf5608') in 0.020479209 seconds
Number of updated asset objects reloaded before import = 0Number of asset objects unloaded after import = 179

========================================================================
Received Import Request.
  Time since last request: 1.381217 seconds.
  path: Assets/Prefabs/Boss Enemy.prefab
  artifactKey: Guid(a3d1f6ada9b06401bbfb21f377694193) Importer(815301076,1909f56bfc062723c751e8b465ee728b)
Start importing Assets/Prefabs/Boss Enemy.prefab using Guid(a3d1f6ada9b06401bbfb21f377694193) Importer(815301076,1909f56bfc062723c751e8b465ee728b) (PreviewImporter) -> (artifact id: '5178e8459f223a8b3e0c5b8c51607942') in 0.019578542 seconds
Number of updated asset objects reloaded before import = 0Number of asset objects unloaded after import = 179

========================================================================
Received Import Request.
  Time since last request: 6.646127 seconds.
  path: Assets/Prefabs/Boss Enemy.prefab
  artifactKey: Guid(a3d1f6ada9b06401bbfb21f377694193) Importer(815301076,1909f56bfc062723c751e8b465ee728b)
Start importing Assets/Prefabs/Boss Enemy.prefab using Guid(a3d1f6ada9b06401bbfb21f377694193) Importer(815301076,1909f56bfc062723c751e8b465ee728b) (PreviewImporter) -> (artifact id: '11379534ae6d02acb28c955d05a1b023') in 0.027629709 seconds
Number of updated asset objects reloaded before import = 0Number of asset objects unloaded after import = 184

========================================================================
Received Import Request.
  Time since last request: 2.972650 seconds.
  path: Assets/Prefabs/Boss Enemy.prefab
  artifactKey: Guid(a3d1f6ada9b06401bbfb21f377694193) Importer(815301076,1909f56bfc062723c751e8b465ee728b)
Start importing Assets/Prefabs/Boss Enemy.prefab using Guid(a3d1f6ada9b06401bbfb21f377694193) Importer(815301076,1909f56bfc062723c751e8b465ee728b) (PreviewImporter) -> (artifact id: '516f46322ebe7f8ad1e3cc034120236c') in 0.019756 seconds
Number of updated asset objects reloaded before import = 0Number of asset objects unloaded after import = 184

========================================================================
Received Import Request.
  Time since last request: 4.426405 seconds.
  path: Assets/Prefabs/Boss Enemy.prefab
  artifactKey: Guid(a3d1f6ada9b06401bbfb21f377694193) Importer(815301076,1909f56bfc062723c751e8b465ee728b)
Start importing Assets/Prefabs/Boss Enemy.prefab using Guid(a3d1f6ada9b06401bbfb21f377694193) Importer(815301076,1909f56bfc062723c751e8b465ee728b) (PreviewImporter) -> (artifact id: '4cfd23784e103b62bd28205def5e7960') in 0.020410708 seconds
Number of updated asset objects reloaded before import = 0Number of asset objects unloaded after import = 185

========================================================================
Received Import Request.
  Time since last request: 3.455318 seconds.
  path: Assets/Prefabs/Boss Enemy.prefab
  artifactKey: Guid(a3d1f6ada9b06401bbfb21f377694193) Importer(815301076,1909f56bfc062723c751e8b465ee728b)
Start importing Assets/Prefabs/Boss Enemy.prefab using Guid(a3d1f6ada9b06401bbfb21f377694193) Importer(815301076,1909f56bfc062723c751e8b465ee728b) (PreviewImporter) -> (artifact id: '829328a3216a26d52ba036f2eac3345c') in 0.018893166 seconds
Number of updated asset objects reloaded before import = 0Number of asset objects unloaded after import = 185

========================================================================
Received Import Request.
  Time since last request: 5.442253 seconds.
  path: Assets/Prefabs/Boss Enemy.prefab
  artifactKey: Guid(a3d1f6ada9b06401bbfb21f377694193) Importer(815301076,1909f56bfc062723c751e8b465ee728b)
Start importing Assets/Prefabs/Boss Enemy.prefab using Guid(a3d1f6ada9b06401bbfb21f377694193) Importer(815301076,1909f56bfc062723c751e8b465ee728b) (PreviewImporter) -> (artifact id: 'a9fe251386ae9e003d3d3a246212de71') in 0.021058584 seconds
Number of updated asset objects reloaded before import = 0Number of asset objects unloaded after import = 186

========================================================================
Received Import Request.
  Time since last request: 2.199717 seconds.
  path: Assets/Prefabs/Boss Enemy.prefab
  artifactKey: Guid(a3d1f6ada9b06401bbfb21f377694193) Importer(815301076,1909f56bfc062723c751e8b465ee728b)
Start importing Assets/Prefabs/Boss Enemy.prefab using Guid(a3d1f6ada9b06401bbfb21f377694193) Importer(815301076,1909f56bfc062723c751e8b465ee728b) (PreviewImporter) -> (artifact id: '7a8b5c927e704bf250d40778dcd2edb0') in 0.019944375 seconds
Number of updated asset objects reloaded before import = 0Number of asset objects unloaded after import = 186

========================================================================
Received Import Request.
  Time since last request: 3.615072 seconds.
  path: Assets/Prefabs/Boss Enemy.prefab
  artifactKey: Guid(a3d1f6ada9b06401bbfb21f377694193) Importer(815301076,1909f56bfc062723c751e8b465ee728b)
Start importing Assets/Prefabs/Boss Enemy.prefab using Guid(a3d1f6ada9b06401bbfb21f377694193) Importer(815301076,1909f56bfc062723c751e8b465ee728b) (PreviewImporter) -> (artifact id: 'c5362c6b23bc7238a3e2463bb58e4da3') in 0.02013925 seconds
Number of updated asset objects reloaded before import = 0Number of asset objects unloaded after import = 186

========================================================================
Received Import Request.
  Time since last request: 7.536489 seconds.
  path: Assets/Prefabs/Boss Enemy.prefab
  artifactKey: Guid(a3d1f6ada9b06401bbfb21f377694193) Importer(815301076,1909f56bfc062723c751e8b465ee728b)
Start importing Assets/Prefabs/Boss Enemy.prefab using Guid(a3d1f6ada9b06401bbfb21f377694193) Importer(815301076,1909f56bfc062723c751e8b465ee728b) (PreviewImporter) -> (artifact id: '28615163b48bcdd15c030aed66e080af') in 0.026784625 seconds
Number of updated asset objects reloaded before import = 0Number of asset objects unloaded after import = 192

========================================================================
Received Import Request.
  Time since last request: 2.964006 seconds.
  path: Assets/Prefabs/Boss Enemy.prefab
  artifactKey: Guid(a3d1f6ada9b06401bbfb21f377694193) Importer(815301076,1909f56bfc062723c751e8b465ee728b)
Start importing Assets/Prefabs/Boss Enemy.prefab using Guid(a3d1f6ada9b06401bbfb21f377694193) Importer(815301076,1909f56bfc062723c751e8b465ee728b) (PreviewImporter) -> (artifact id: 'd769fd87cbc239a0ce83cef353ac8f52') in 0.020414667 seconds
Number of updated asset objects reloaded before import = 0Number of asset objects unloaded after import = 192

========================================================================
Received Import Request.
  Time since last request: 10.490190 seconds.
  path: Assets/Prefabs/Boss Enemy.prefab
  artifactKey: Guid(a3d1f6ada9b06401bbfb21f377694193) Importer(815301076,1909f56bfc062723c751e8b465ee728b)
Start importing Assets/Prefabs/Boss Enemy.prefab using Guid(a3d1f6ada9b06401bbfb21f377694193) Importer(815301076,1909f56bfc062723c751e8b465ee728b) (PreviewImporter) -> (artifact id: 'a8dd755282a25385cccb97e8844f1848') in 0.018879292 seconds
Number of updated asset objects reloaded before import = 0Number of asset objects unloaded after import = 192

========================================================================
Received Import Request.
  Time since last request: 4.821577 seconds.
  path: Assets/Prefabs/Boss Enemy.prefab
  artifactKey: Guid(a3d1f6ada9b06401bbfb21f377694193) Importer(815301076,1909f56bfc062723c751e8b465ee728b)
Start importing Assets/Prefabs/Boss Enemy.prefab using Guid(a3d1f6ada9b06401bbfb21f377694193) Importer(815301076,1909f56bfc062723c751e8b465ee728b) (PreviewImporter) -> (artifact id: '22bdcacb33014cc5ef186ba4b96e5fd6') in 0.024030791 seconds
Number of updated asset objects reloaded before import = 0Number of asset objects unloaded after import = 198

========================================================================
Received Import Request.
  Time since last request: 7.818386 seconds.
  path: Assets/Prefabs/Boss Enemy.prefab
  artifactKey: Guid(a3d1f6ada9b06401bbfb21f377694193) Importer(815301076,1909f56bfc062723c751e8b465ee728b)
Start importing Assets/Prefabs/Boss Enemy.prefab using Guid(a3d1f6ada9b06401bbfb21f377694193) Importer(815301076,1909f56bfc062723c751e8b465ee728b) (PreviewImporter) -> (artifact id: '3c156a32a5898f9e4c8b5a6503a803b8') in 0.020778791 seconds
Number of updated asset objects reloaded before import = 0Number of asset objects unloaded after import = 198

========================================================================
Received Import Request.
  Time since last request: 2.997601 seconds.
  path: Assets/Prefabs/Boss Enemy.prefab
  artifactKey: Guid(a3d1f6ada9b06401bbfb21f377694193) Importer(815301076,1909f56bfc062723c751e8b465ee728b)
Start importing Assets/Prefabs/Boss Enemy.prefab using Guid(a3d1f6ada9b06401bbfb21f377694193) Importer(815301076,1909f56bfc062723c751e8b465ee728b) (PreviewImporter) -> (artifact id: 'c97b3ded3b70c3252253d7f361e9caaf') in 0.01946 seconds
Number of updated asset objects reloaded before import = 0Number of asset objects unloaded after import = 198

========================================================================
Received Prepare
Begin MonoManager ReloadAssembly
Thread 0x30e9f3000 may have been prematurely finalized
- Loaded All Assemblies, in  0.361 seconds
Refreshing native plugins compatible for Editor in 0.18 ms, found 2 plugins.
Native extension for WindowsStandalone target not found
Native extension for OSXStandalone target not found
Native extension for WebGL target not found
Mono: successfully reloaded assembly
- Finished resetting the current domain, in  0.492 seconds
Domain Reload Profiling: 855ms
	BeginReloadAssembly (117ms)
		ExecutionOrderSort (0ms)
		DisableScriptedObjects (11ms)
		BackupInstance (0ms)
		ReleaseScriptingObjects (0ms)
		CreateAndSetChildDomain (55ms)
	RebuildCommonClasses (24ms)
	RebuildNativeTypeToScriptingClass (9ms)
	initialDomainReloadingComplete (12ms)
	LoadAllAssembliesAndSetupDomain (201ms)
		LoadAssemblies (126ms)
		RebuildTransferFunctionScriptingTraits (0ms)
		AnalyzeDomain (100ms)
			TypeCache.Refresh (4ms)
				TypeCache.ScanAssembly (0ms)
			BuildScriptInfoCaches (89ms)
			ResolveRequiredComponents (6ms)
	FinalizeReload (492ms)
		ReleaseScriptCaches (0ms)
		RebuildScriptCaches (0ms)
		SetupLoadedEditorAssemblies (381ms)
			LogAssemblyErrors (0ms)
			InitializePlatformSupportModulesInManaged (2ms)
			SetLoadedEditorAssemblies (4ms)
			BeforeProcessingInitializeOnLoad (56ms)
			ProcessInitializeOnLoadAttributes (288ms)
			ProcessInitializeOnLoadMethodAttributes (31ms)
			AfterProcessingInitializeOnLoad (1ms)
			EditorAssembliesLoaded (0ms)
		ExecutionOrderSort2 (0ms)
		AwakeInstancesAfterBackupRestoration (7ms)
Refreshing native plugins compatible for Editor in 0.32 ms, found 2 plugins.
Preloading 0 native plugins for Editor in 0.00 ms.
Unloading 14 Unused Serialized files (Serialized files now loaded: 0)
Unloading 5977 unused Assets / (3.2 MB). Loaded Objects now: 6931.
Memory consumption went from 253.6 MB to 250.4 MB.
Total: 6.172250 ms (FindLiveObjects: 0.381750 ms CreateObjectMapping: 0.127250 ms MarkObjects: 4.295500 ms  DeleteObjects: 1.367333 ms)

Prepare: number of updated asset objects reloaded= 0
========================================================================
Received Import Request.
  Time since last request: 286.406515 seconds.
  path: Assets/Prefabs/Boss Enemy.prefab
  artifactKey: Guid(a3d1f6ada9b06401bbfb21f377694193) Importer(815301076,1909f56bfc062723c751e8b465ee728b)
Start importing Assets/Prefabs/Boss Enemy.prefab using Guid(a3d1f6ada9b06401bbfb21f377694193) Importer(815301076,1909f56bfc062723c751e8b465ee728b) (PreviewImporter) -> (artifact id: 'c6ed89162e4e6f0f29ce9dcd4cb0adad') in 0.277402333 seconds
Number of updated asset objects reloaded before import = 1Number of asset objects unloaded after import = 199

========================================================================
Received Import Request.
  Time since last request: 35.706496 seconds.
  path: Assets/Prefabs/Boss Enemy.prefab
  artifactKey: Guid(a3d1f6ada9b06401bbfb21f377694193) Importer(815301076,1909f56bfc062723c751e8b465ee728b)
Start importing Assets/Prefabs/Boss Enemy.prefab using Guid(a3d1f6ada9b06401bbfb21f377694193) Importer(815301076,1909f56bfc062723c751e8b465ee728b) (PreviewImporter) -> (artifact id: '6ad0e1ec388b032019bfbe7727755ff6') in 0.021873584 seconds
Number of updated asset objects reloaded before import = 0Number of asset objects unloaded after import = 199

========================================================================
Received Import Request.
  Time since last request: 0.156520 seconds.
  path: Assets/Prefabs/Boss Enemy.prefab
  artifactKey: Guid(a3d1f6ada9b06401bbfb21f377694193) Importer(815301076,1909f56bfc062723c751e8b465ee728b)
Start importing Assets/Prefabs/Boss Enemy.prefab using Guid(a3d1f6ada9b06401bbfb21f377694193) Importer(815301076,1909f56bfc062723c751e8b465ee728b) (PreviewImporter) -> (artifact id: 'bdf206a65181c35c17a5471c6497447a') in 0.013244625 seconds
Number of updated asset objects reloaded before import = 0Number of asset objects unloaded after import = 199

========================================================================
Received Import Request.
  Time since last request: 3.215916 seconds.
  path: Assets/Prefabs/Boss Enemy.prefab
  artifactKey: Guid(a3d1f6ada9b06401bbfb21f377694193) Importer(815301076,1909f56bfc062723c751e8b465ee728b)
Start importing Assets/Prefabs/Boss Enemy.prefab using Guid(a3d1f6ada9b06401bbfb21f377694193) Importer(815301076,1909f56bfc062723c751e8b465ee728b) (PreviewImporter) -> (artifact id: 'cf38f0dc85bb1014981213f41d47f259') in 0.01952275 seconds
Number of updated asset objects reloaded before import = 0Number of asset objects unloaded after import = 199

========================================================================
Received Import Request.
  Time since last request: 0.369288 seconds.
  path: Assets/Prefabs/Boss Enemy.prefab
  artifactKey: Guid(a3d1f6ada9b06401bbfb21f377694193) Importer(815301076,1909f56bfc062723c751e8b465ee728b)
Start importing Assets/Prefabs/Boss Enemy.prefab using Guid(a3d1f6ada9b06401bbfb21f377694193) Importer(815301076,1909f56bfc062723c751e8b465ee728b) (PreviewImporter) -> (artifact id: '3e2bf892b5622d8731a9ebaf82865c7f') in 0.013842458 seconds
Number of updated asset objects reloaded before import = 0Number of asset objects unloaded after import = 199

========================================================================
Received Import Request.
  Time since last request: 2.599556 seconds.
  path: Assets/Prefabs/Boss Enemy.prefab
  artifactKey: Guid(a3d1f6ada9b06401bbfb21f377694193) Importer(815301076,1909f56bfc062723c751e8b465ee728b)
Start importing Assets/Prefabs/Boss Enemy.prefab using Guid(a3d1f6ada9b06401bbfb21f377694193) Importer(815301076,1909f56bfc062723c751e8b465ee728b) (PreviewImporter) -> (artifact id: '19579e1ffe51e1a48165a0eccc429d2a') in 0.019321084 seconds
Number of updated asset objects reloaded before import = 0Number of asset objects unloaded after import = 199

========================================================================
Received Import Request.
  Time since last request: 0.169229 seconds.
  path: Assets/Prefabs/Boss Enemy.prefab
  artifactKey: Guid(a3d1f6ada9b06401bbfb21f377694193) Importer(815301076,1909f56bfc062723c751e8b465ee728b)
Start importing Assets/Prefabs/Boss Enemy.prefab using Guid(a3d1f6ada9b06401bbfb21f377694193) Importer(815301076,1909f56bfc062723c751e8b465ee728b) (PreviewImporter) -> (artifact id: '6bbb3264b3fac7b549b916dfa24bbe67') in 0.013154208 seconds
Number of updated asset objects reloaded before import = 0Number of asset objects unloaded after import = 199

========================================================================
Received Import Request.
  Time since last request: 3.020848 seconds.
  path: Assets/Prefabs/Boss Enemy.prefab
  artifactKey: Guid(a3d1f6ada9b06401bbfb21f377694193) Importer(815301076,1909f56bfc062723c751e8b465ee728b)
Start importing Assets/Prefabs/Boss Enemy.prefab using Guid(a3d1f6ada9b06401bbfb21f377694193) Importer(815301076,1909f56bfc062723c751e8b465ee728b) (PreviewImporter) -> (artifact id: '19be7adb06286b75087efada281def8f') in 0.019565375 seconds
Number of updated asset objects reloaded before import = 0Number of asset objects unloaded after import = 199

========================================================================
Received Import Request.
  Time since last request: 0.179965 seconds.
  path: Assets/Prefabs/Boss Enemy.prefab
  artifactKey: Guid(a3d1f6ada9b06401bbfb21f377694193) Importer(815301076,1909f56bfc062723c751e8b465ee728b)
Start importing Assets/Prefabs/Boss Enemy.prefab using Guid(a3d1f6ada9b06401bbfb21f377694193) Importer(815301076,1909f56bfc062723c751e8b465ee728b) (PreviewImporter) -> (artifact id: 'd61fac0d3904f77fbe4d65ccb491fad2') in 0.012830917 seconds
Number of updated asset objects reloaded before import = 0Number of asset objects unloaded after import = 199

========================================================================
Received Prepare
Begin MonoManager ReloadAssembly
Thread 0x30e9f3000 may have been prematurely finalized
- Loaded All Assemblies, in  0.374 seconds
Refreshing native plugins compatible for Editor in 0.27 ms, found 2 plugins.
Native extension for WindowsStandalone target not found
Native extension for OSXStandalone target not found
Native extension for WebGL target not found
Mono: successfully reloaded assembly
- Finished resetting the current domain, in  0.496 seconds
Domain Reload Profiling: 873ms
	BeginReloadAssembly (118ms)
		ExecutionOrderSort (0ms)
		DisableScriptedObjects (11ms)
		BackupInstance (0ms)
		ReleaseScriptingObjects (0ms)
		CreateAndSetChildDomain (55ms)
	RebuildCommonClasses (25ms)
	RebuildNativeTypeToScriptingClass (9ms)
	initialDomainReloadingComplete (11ms)
	LoadAllAssembliesAndSetupDomain (214ms)
		LoadAssemblies (136ms)
		RebuildTransferFunctionScriptingTraits (0ms)
		AnalyzeDomain (103ms)
			TypeCache.Refresh (5ms)
				TypeCache.ScanAssembly (0ms)
			BuildScriptInfoCaches (90ms)
			ResolveRequiredComponents (6ms)
	FinalizeReload (496ms)
		ReleaseScriptCaches (0ms)
		RebuildScriptCaches (0ms)
		SetupLoadedEditorAssemblies (384ms)
			LogAssemblyErrors (0ms)
			InitializePlatformSupportModulesInManaged (2ms)
			SetLoadedEditorAssemblies (3ms)
			BeforeProcessingInitializeOnLoad (56ms)
			ProcessInitializeOnLoadAttributes (290ms)
			ProcessInitializeOnLoadMethodAttributes (33ms)
			AfterProcessingInitializeOnLoad (1ms)
			EditorAssembliesLoaded (0ms)
		ExecutionOrderSort2 (0ms)
		AwakeInstancesAfterBackupRestoration (6ms)
Refreshing native plugins compatible for Editor in 0.36 ms, found 2 plugins.
Preloading 0 native plugins for Editor in 0.00 ms.
Unloading 14 Unused Serialized files (Serialized files now loaded: 0)
Unloading 5977 unused Assets / (3.4 MB). Loaded Objects now: 6953.
Memory consumption went from 260.6 MB to 257.2 MB.
Total: 6.236166 ms (FindLiveObjects: 0.364792 ms CreateObjectMapping: 0.133208 ms MarkObjects: 4.324458 ms  DeleteObjects: 1.413458 ms)

Prepare: number of updated asset objects reloaded= 1
========================================================================
Received Import Request.
  Time since last request: 1354.651152 seconds.
  path: Assets/Prefabs/Enemy.prefab
  artifactKey: Guid(2b33d309c796b4407a63b7a7307daea2) Importer(815301076,1909f56bfc062723c751e8b465ee728b)
Start importing Assets/Prefabs/Enemy.prefab using Guid(2b33d309c796b4407a63b7a7307daea2) Importer(815301076,1909f56bfc062723c751e8b465ee728b) (PreviewImporter) -> (artifact id: '4594009603d194dded9d8867684e4bef') in 0.25067775 seconds
Number of updated asset objects reloaded before import = 0Number of asset objects unloaded after import = 43

========================================================================
Received Import Request.
  Time since last request: 4.523101 seconds.
  path: Assets/Prefabs/Enemy.prefab
  artifactKey: Guid(2b33d309c796b4407a63b7a7307daea2) Importer(815301076,1909f56bfc062723c751e8b465ee728b)
Start importing Assets/Prefabs/Enemy.prefab using Guid(2b33d309c796b4407a63b7a7307daea2) Importer(815301076,1909f56bfc062723c751e8b465ee728b) (PreviewImporter) -> (artifact id: '94953cfa1fdf58dd0e03c6e7ec762cb0') in 0.011948875 seconds
Number of updated asset objects reloaded before import = 0Number of asset objects unloaded after import = 43

========================================================================
Received Import Request.
  Time since last request: 11.118953 seconds.
  path: Assets/Prefabs/Enemy.prefab
  artifactKey: Guid(2b33d309c796b4407a63b7a7307daea2) Importer(815301076,1909f56bfc062723c751e8b465ee728b)
Start importing Assets/Prefabs/Enemy.prefab using Guid(2b33d309c796b4407a63b7a7307daea2) Importer(815301076,1909f56bfc062723c751e8b465ee728b) (PreviewImporter) -> (artifact id: 'a37a3587302e25eec707e566aa2d0967') in 0.011455041 seconds
Number of updated asset objects reloaded before import = 0Number of asset objects unloaded after import = 43

========================================================================
Received Import Request.
  Time since last request: 2.812677 seconds.
  path: Assets/Prefabs/Enemy.prefab
  artifactKey: Guid(2b33d309c796b4407a63b7a7307daea2) Importer(815301076,1909f56bfc062723c751e8b465ee728b)
Start importing Assets/Prefabs/Enemy.prefab using Guid(2b33d309c796b4407a63b7a7307daea2) Importer(815301076,1909f56bfc062723c751e8b465ee728b) (PreviewImporter) -> (artifact id: 'e62cd5548be4d86a36d5b3eac0ddebc8') in 0.012678958 seconds
Number of updated asset objects reloaded before import = 0Number of asset objects unloaded after import = 43

========================================================================
Received Import Request.
  Time since last request: 9.292996 seconds.
  path: Assets/Prefabs/Enemy.prefab
  artifactKey: Guid(2b33d309c796b4407a63b7a7307daea2) Importer(815301076,1909f56bfc062723c751e8b465ee728b)
Start importing Assets/Prefabs/Enemy.prefab using Guid(2b33d309c796b4407a63b7a7307daea2) Importer(815301076,1909f56bfc062723c751e8b465ee728b) (PreviewImporter) -> (artifact id: 'd70102bedc186a3d5eac8be0a0fe9bfb') in 0.011323291 seconds
Number of updated asset objects reloaded before import = 0Number of asset objects unloaded after import = 43

========================================================================
Received Import Request.
  Time since last request: 2.807155 seconds.
  path: Assets/Prefabs/Enemy.prefab
  artifactKey: Guid(2b33d309c796b4407a63b7a7307daea2) Importer(815301076,1909f56bfc062723c751e8b465ee728b)
Start importing Assets/Prefabs/Enemy.prefab using Guid(2b33d309c796b4407a63b7a7307daea2) Importer(815301076,1909f56bfc062723c751e8b465ee728b) (PreviewImporter) -> (artifact id: '08744392ee55139b8fda9b0380c8f073') in 0.012600916 seconds
Number of updated asset objects reloaded before import = 0Number of asset objects unloaded after import = 43

========================================================================
Received Import Request.
  Time since last request: 3.812956 seconds.
  path: Assets/Prefabs/Enemy.prefab
  artifactKey: Guid(2b33d309c796b4407a63b7a7307daea2) Importer(815301076,1909f56bfc062723c751e8b465ee728b)
Start importing Assets/Prefabs/Enemy.prefab using Guid(2b33d309c796b4407a63b7a7307daea2) Importer(815301076,1909f56bfc062723c751e8b465ee728b) (PreviewImporter) -> (artifact id: '3ebeff4c51fccb2aaeb57456df72265d') in 0.010829584 seconds
Number of updated asset objects reloaded before import = 0Number of asset objects unloaded after import = 43

========================================================================
Received Prepare
Begin MonoManager ReloadAssembly
Thread 0x16b31b000 may have been prematurely finalized
- Loaded All Assemblies, in  0.358 seconds
Refreshing native plugins compatible for Editor in 0.21 ms, found 2 plugins.
Native extension for WindowsStandalone target not found
Native extension for OSXStandalone target not found
Native extension for WebGL target not found
Mono: successfully reloaded assembly
- Finished resetting the current domain, in  0.482 seconds
Domain Reload Profiling: 841ms
	BeginReloadAssembly (113ms)
		ExecutionOrderSort (0ms)
		DisableScriptedObjects (10ms)
		BackupInstance (0ms)
		ReleaseScriptingObjects (0ms)
		CreateAndSetChildDomain (53ms)
	RebuildCommonClasses (24ms)
	RebuildNativeTypeToScriptingClass (9ms)
	initialDomainReloadingComplete (11ms)
	LoadAllAssembliesAndSetupDomain (202ms)
		LoadAssemblies (125ms)
		RebuildTransferFunctionScriptingTraits (0ms)
		AnalyzeDomain (101ms)
			TypeCache.Refresh (4ms)
				TypeCache.ScanAssembly (0ms)
			BuildScriptInfoCaches (89ms)
			ResolveRequiredComponents (6ms)
	FinalizeReload (482ms)
		ReleaseScriptCaches (0ms)
		RebuildScriptCaches (0ms)
		SetupLoadedEditorAssemblies (373ms)
			LogAssemblyErrors (0ms)
			InitializePlatformSupportModulesInManaged (2ms)
			SetLoadedEditorAssemblies (3ms)
			BeforeProcessingInitializeOnLoad (54ms)
			ProcessInitializeOnLoadAttributes (287ms)
			ProcessInitializeOnLoadMethodAttributes (27ms)
			AfterProcessingInitializeOnLoad (1ms)
			EditorAssembliesLoaded (0ms)
		ExecutionOrderSort2 (0ms)
		AwakeInstancesAfterBackupRestoration (6ms)
Refreshing native plugins compatible for Editor in 0.28 ms, found 2 plugins.
Preloading 0 native plugins for Editor in 0.00 ms.
Unloading 14 Unused Serialized files (Serialized files now loaded: 0)
Unloading 5977 unused Assets / (3.7 MB). Loaded Objects now: 6975.
Memory consumption went from 267.8 MB to 264.1 MB.
Total: 5.224667 ms (FindLiveObjects: 0.317500 ms CreateObjectMapping: 0.113917 ms MarkObjects: 3.710708 ms  DeleteObjects: 1.082292 ms)

Prepare: number of updated asset objects reloaded= 0
========================================================================
Received Import Request.
  Time since last request: 37.498856 seconds.
  path: Assets/Prefabs/Enemy.prefab
  artifactKey: Guid(2b33d309c796b4407a63b7a7307daea2) Importer(815301076,1909f56bfc062723c751e8b465ee728b)
Start importing Assets/Prefabs/Enemy.prefab using Guid(2b33d309c796b4407a63b7a7307daea2) Importer(815301076,1909f56bfc062723c751e8b465ee728b) (PreviewImporter) -> (artifact id: '9226bd6833b5a148e0850d59f6ee9138') in 0.259419791 seconds
Number of updated asset objects reloaded before import = 0Number of asset objects unloaded after import = 43

========================================================================
Received Prepare
Begin MonoManager ReloadAssembly
Thread 0x16b31b000 may have been prematurely finalized
- Loaded All Assemblies, in  0.357 seconds
Refreshing native plugins compatible for Editor in 0.19 ms, found 2 plugins.
Native extension for WindowsStandalone target not found
Native extension for OSXStandalone target not found
Native extension for WebGL target not found
Mono: successfully reloaded assembly
- Finished resetting the current domain, in  0.487 seconds
Domain Reload Profiling: 846ms
	BeginReloadAssembly (113ms)
		ExecutionOrderSort (0ms)
		DisableScriptedObjects (10ms)
		BackupInstance (0ms)
		ReleaseScriptingObjects (0ms)
		CreateAndSetChildDomain (53ms)
	RebuildCommonClasses (23ms)
	RebuildNativeTypeToScriptingClass (9ms)
	initialDomainReloadingComplete (11ms)
	LoadAllAssembliesAndSetupDomain (203ms)
		LoadAssemblies (126ms)
		RebuildTransferFunctionScriptingTraits (0ms)
		AnalyzeDomain (101ms)
			TypeCache.Refresh (4ms)
				TypeCache.ScanAssembly (0ms)
			BuildScriptInfoCaches (89ms)
			ResolveRequiredComponents (6ms)
	FinalizeReload (487ms)
		ReleaseScriptCaches (0ms)
		RebuildScriptCaches (0ms)
		SetupLoadedEditorAssemblies (379ms)
			LogAssemblyErrors (0ms)
			InitializePlatformSupportModulesInManaged (2ms)
			SetLoadedEditorAssemblies (3ms)
			BeforeProcessingInitializeOnLoad (57ms)
			ProcessInitializeOnLoadAttributes (288ms)
			ProcessInitializeOnLoadMethodAttributes (29ms)
			AfterProcessingInitializeOnLoad (1ms)
			EditorAssembliesLoaded (0ms)
		ExecutionOrderSort2 (0ms)
		AwakeInstancesAfterBackupRestoration (6ms)
Refreshing native plugins compatible for Editor in 0.28 ms, found 2 plugins.
Preloading 0 native plugins for Editor in 0.00 ms.
Unloading 14 Unused Serialized files (Serialized files now loaded: 0)
Unloading 5977 unused Assets / (3.9 MB). Loaded Objects now: 6997.
Memory consumption went from 275.0 MB to 271.1 MB.
Total: 5.356292 ms (FindLiveObjects: 0.374292 ms CreateObjectMapping: 0.132666 ms MarkObjects: 3.802042 ms  DeleteObjects: 1.047166 ms)

Prepare: number of updated asset objects reloaded= 0
========================================================================
Received Import Request.
  Time since last request: 25.314466 seconds.
  path: Assets/Prefabs/Enemy.prefab
  artifactKey: Guid(2b33d309c796b4407a63b7a7307daea2) Importer(815301076,1909f56bfc062723c751e8b465ee728b)
Start importing Assets/Prefabs/Enemy.prefab using Guid(2b33d309c796b4407a63b7a7307daea2) Importer(815301076,1909f56bfc062723c751e8b465ee728b) (PreviewImporter) -> (artifact id: '109f2f088bf71bc7b05a5b8e5356e316') in 0.253840459 seconds
Number of updated asset objects reloaded before import = 0Number of asset objects unloaded after import = 43

========================================================================
Received Import Request.
  Time since last request: 1.933869 seconds.
  path: Assets/Prefabs/Enemy.prefab
  artifactKey: Guid(2b33d309c796b4407a63b7a7307daea2) Importer(815301076,1909f56bfc062723c751e8b465ee728b)
Start importing Assets/Prefabs/Enemy.prefab using Guid(2b33d309c796b4407a63b7a7307daea2) Importer(815301076,1909f56bfc062723c751e8b465ee728b) (PreviewImporter) -> (artifact id: '0231b327290639100e3c58164c613f4b') in 0.011880542 seconds
Number of updated asset objects reloaded before import = 0Number of asset objects unloaded after import = 43

========================================================================
Received Prepare
Begin MonoManager ReloadAssembly
Thread 0x16b31b000 may have been prematurely finalized
- Loaded All Assemblies, in  0.376 seconds
Refreshing native plugins compatible for Editor in 0.21 ms, found 2 plugins.
Native extension for WindowsStandalone target not found
Native extension for OSXStandalone target not found
Native extension for WebGL target not found
Mono: successfully reloaded assembly
- Finished resetting the current domain, in  0.489 seconds
Domain Reload Profiling: 867ms
	BeginReloadAssembly (121ms)
		ExecutionOrderSort (0ms)
		DisableScriptedObjects (10ms)
		BackupInstance (0ms)
		ReleaseScriptingObjects (0ms)
		CreateAndSetChildDomain (60ms)
	RebuildCommonClasses (25ms)
	RebuildNativeTypeToScriptingClass (9ms)
	initialDomainReloadingComplete (12ms)
	LoadAllAssembliesAndSetupDomain (211ms)
		LoadAssemblies (134ms)
		RebuildTransferFunctionScriptingTraits (0ms)
		AnalyzeDomain (102ms)
			TypeCache.Refresh (5ms)
				TypeCache.ScanAssembly (0ms)
			BuildScriptInfoCaches (90ms)
			ResolveRequiredComponents (6ms)
	FinalizeReload (489ms)
		ReleaseScriptCaches (0ms)
		RebuildScriptCaches (0ms)
		SetupLoadedEditorAssemblies (376ms)
			LogAssemblyErrors (0ms)
			InitializePlatformSupportModulesInManaged (2ms)
			SetLoadedEditorAssemblies (3ms)
			BeforeProcessingInitializeOnLoad (56ms)
			ProcessInitializeOnLoadAttributes (286ms)
			ProcessInitializeOnLoadMethodAttributes (30ms)
			AfterProcessingInitializeOnLoad (1ms)
			EditorAssembliesLoaded (0ms)
		ExecutionOrderSort2 (0ms)
		AwakeInstancesAfterBackupRestoration (8ms)
Refreshing native plugins compatible for Editor in 0.29 ms, found 2 plugins.
Preloading 0 native plugins for Editor in 0.00 ms.
Unloading 14 Unused Serialized files (Serialized files now loaded: 0)
Unloading 5977 unused Assets / (4.2 MB). Loaded Objects now: 7019.
Memory consumption went from 282.2 MB to 278.0 MB.
Total: 6.031042 ms (FindLiveObjects: 0.368833 ms CreateObjectMapping: 0.145833 ms MarkObjects: 4.157042 ms  DeleteObjects: 1.358916 ms)

Prepare: number of updated asset objects reloaded= 0
========================================================================
Received Prepare
Begin MonoManager ReloadAssembly
Thread 0x16b31b000 may have been prematurely finalized
- Loaded All Assemblies, in  0.344 seconds
Refreshing native plugins compatible for Editor in 0.23 ms, found 2 plugins.
Native extension for WindowsStandalone target not found
Native extension for OSXStandalone target not found
Native extension for WebGL target not found
Mono: successfully reloaded assembly
- Finished resetting the current domain, in  0.488 seconds
Domain Reload Profiling: 834ms
	BeginReloadAssembly (99ms)
		ExecutionOrderSort (0ms)
		DisableScriptedObjects (3ms)
		BackupInstance (0ms)
		ReleaseScriptingObjects (0ms)
		CreateAndSetChildDomain (46ms)
	RebuildCommonClasses (23ms)
	RebuildNativeTypeToScriptingClass (9ms)
	initialDomainReloadingComplete (11ms)
	LoadAllAssembliesAndSetupDomain (204ms)
		LoadAssemblies (126ms)
		RebuildTransferFunctionScriptingTraits (0ms)
		AnalyzeDomain (102ms)
			TypeCache.Refresh (4ms)
				TypeCache.ScanAssembly (0ms)
			BuildScriptInfoCaches (90ms)
			ResolveRequiredComponents (6ms)
	FinalizeReload (489ms)
		ReleaseScriptCaches (0ms)
		RebuildScriptCaches (0ms)
		SetupLoadedEditorAssemblies (376ms)
			LogAssemblyErrors (0ms)
			InitializePlatformSupportModulesInManaged (2ms)
			SetLoadedEditorAssemblies (3ms)
			BeforeProcessingInitializeOnLoad (58ms)
			ProcessInitializeOnLoadAttributes (285ms)
			ProcessInitializeOnLoadMethodAttributes (28ms)
			AfterProcessingInitializeOnLoad (1ms)
			EditorAssembliesLoaded (0ms)
		ExecutionOrderSort2 (0ms)
		AwakeInstancesAfterBackupRestoration (7ms)
Refreshing native plugins compatible for Editor in 0.24 ms, found 2 plugins.
Preloading 0 native plugins for Editor in 0.00 ms.
Unloading 14 Unused Serialized files (Serialized files now loaded: 0)
Unloading 5976 unused Assets / (3.9 MB). Loaded Objects now: 7021.
Memory consumption went from 280.3 MB to 276.4 MB.
Total: 5.144708 ms (FindLiveObjects: 0.323959 ms CreateObjectMapping: 0.131875 ms MarkObjects: 3.562375 ms  DeleteObjects: 1.126208 ms)

Prepare: number of updated asset objects reloaded= 0
========================================================================
Received Prepare
Begin MonoManager ReloadAssembly
Thread 0x16b31b000 may have been prematurely finalized
- Loaded All Assemblies, in  0.353 seconds
Refreshing native plugins compatible for Editor in 0.22 ms, found 2 plugins.
Native extension for WindowsStandalone target not found
Native extension for OSXStandalone target not found
Native extension for WebGL target not found
Mono: successfully reloaded assembly
- Finished resetting the current domain, in  0.484 seconds
Domain Reload Profiling: 839ms
	BeginReloadAssembly (100ms)
		ExecutionOrderSort (0ms)
		DisableScriptedObjects (3ms)
		BackupInstance (0ms)
		ReleaseScriptingObjects (0ms)
		CreateAndSetChildDomain (44ms)
	RebuildCommonClasses (25ms)
	RebuildNativeTypeToScriptingClass (9ms)
	initialDomainReloadingComplete (12ms)
	LoadAllAssembliesAndSetupDomain (208ms)
		LoadAssemblies (133ms)
		RebuildTransferFunctionScriptingTraits (0ms)
		AnalyzeDomain (102ms)
			TypeCache.Refresh (4ms)
				TypeCache.ScanAssembly (0ms)
			BuildScriptInfoCaches (90ms)
			ResolveRequiredComponents (6ms)
	FinalizeReload (484ms)
		ReleaseScriptCaches (0ms)
		RebuildScriptCaches (0ms)
		SetupLoadedEditorAssemblies (375ms)
			LogAssemblyErrors (0ms)
			InitializePlatformSupportModulesInManaged (2ms)
			SetLoadedEditorAssemblies (3ms)
			BeforeProcessingInitializeOnLoad (57ms)
			ProcessInitializeOnLoadAttributes (284ms)
			ProcessInitializeOnLoadMethodAttributes (29ms)
			AfterProcessingInitializeOnLoad (1ms)
			EditorAssembliesLoaded (0ms)
		ExecutionOrderSort2 (0ms)
		AwakeInstancesAfterBackupRestoration (7ms)
Refreshing native plugins compatible for Editor in 0.33 ms, found 2 plugins.
Preloading 0 native plugins for Editor in 0.00 ms.
Unloading 14 Unused Serialized files (Serialized files now loaded: 0)
Unloading 5976 unused Assets / (3.5 MB). Loaded Objects now: 7023.
Memory consumption went from 278.5 MB to 275.1 MB.
Total: 5.533750 ms (FindLiveObjects: 0.349458 ms CreateObjectMapping: 0.173834 ms MarkObjects: 3.815333 ms  DeleteObjects: 1.194791 ms)

Prepare: number of updated asset objects reloaded= 0
========================================================================
Received Prepare
Begin MonoManager ReloadAssembly
Thread 0x16b31b000 may have been prematurely finalized
- Loaded All Assemblies, in  0.341 seconds
Refreshing native plugins compatible for Editor in 0.22 ms, found 2 plugins.
Native extension for WindowsStandalone target not found
Native extension for OSXStandalone target not found
Native extension for WebGL target not found
Mono: successfully reloaded assembly
- Finished resetting the current domain, in  0.488 seconds
Domain Reload Profiling: 830ms
	BeginReloadAssembly (96ms)
		ExecutionOrderSort (0ms)
		DisableScriptedObjects (4ms)
		BackupInstance (0ms)
		ReleaseScriptingObjects (0ms)
		CreateAndSetChildDomain (41ms)
	RebuildCommonClasses (23ms)
	RebuildNativeTypeToScriptingClass (9ms)
	initialDomainReloadingComplete (11ms)
	LoadAllAssembliesAndSetupDomain (203ms)
		LoadAssemblies (125ms)
		RebuildTransferFunctionScriptingTraits (0ms)
		AnalyzeDomain (103ms)
			TypeCache.Refresh (5ms)
				TypeCache.ScanAssembly (0ms)
			BuildScriptInfoCaches (90ms)
			ResolveRequiredComponents (6ms)
	FinalizeReload (488ms)
		ReleaseScriptCaches (0ms)
		RebuildScriptCaches (0ms)
		SetupLoadedEditorAssemblies (377ms)
			LogAssemblyErrors (0ms)
			InitializePlatformSupportModulesInManaged (2ms)
			SetLoadedEditorAssemblies (3ms)
			BeforeProcessingInitializeOnLoad (56ms)
			ProcessInitializeOnLoadAttributes (287ms)
			ProcessInitializeOnLoadMethodAttributes (28ms)
			AfterProcessingInitializeOnLoad (1ms)
			EditorAssembliesLoaded (0ms)
		ExecutionOrderSort2 (0ms)
		AwakeInstancesAfterBackupRestoration (7ms)
Refreshing native plugins compatible for Editor in 0.22 ms, found 2 plugins.
Preloading 0 native plugins for Editor in 0.00 ms.
Unloading 14 Unused Serialized files (Serialized files now loaded: 0)
Unloading 5976 unused Assets / (3.5 MB). Loaded Objects now: 7025.
Memory consumption went from 276.9 MB to 273.3 MB.
Total: 5.643167 ms (FindLiveObjects: 0.336166 ms CreateObjectMapping: 0.121375 ms MarkObjects: 4.030458 ms  DeleteObjects: 1.154916 ms)

Prepare: number of updated asset objects reloaded= 0
========================================================================
Received Prepare
Begin MonoManager ReloadAssembly
Thread 0x16b31b000 may have been prematurely finalized
- Loaded All Assemblies, in  0.352 seconds
Refreshing native plugins compatible for Editor in 0.23 ms, found 2 plugins.
Native extension for WindowsStandalone target not found
Native extension for OSXStandalone target not found
Native extension for WebGL target not found
Mono: successfully reloaded assembly
- Finished resetting the current domain, in  0.481 seconds
Domain Reload Profiling: 835ms
	BeginReloadAssembly (100ms)
		ExecutionOrderSort (0ms)
		DisableScriptedObjects (3ms)
		BackupInstance (0ms)
		ReleaseScriptingObjects (0ms)
		CreateAndSetChildDomain (45ms)
	RebuildCommonClasses (24ms)
	RebuildNativeTypeToScriptingClass (9ms)
	initialDomainReloadingComplete (12ms)
	LoadAllAssembliesAndSetupDomain (209ms)
		LoadAssemblies (132ms)
		RebuildTransferFunctionScriptingTraits (0ms)
		AnalyzeDomain (102ms)
			TypeCache.Refresh (5ms)
				TypeCache.ScanAssembly (0ms)
			BuildScriptInfoCaches (90ms)
			ResolveRequiredComponents (6ms)
	FinalizeReload (481ms)
		ReleaseScriptCaches (0ms)
		RebuildScriptCaches (0ms)
		SetupLoadedEditorAssemblies (371ms)
			LogAssemblyErrors (0ms)
			InitializePlatformSupportModulesInManaged (2ms)
			SetLoadedEditorAssemblies (3ms)
			BeforeProcessingInitializeOnLoad (56ms)
			ProcessInitializeOnLoadAttributes (282ms)
			ProcessInitializeOnLoadMethodAttributes (27ms)
			AfterProcessingInitializeOnLoad (1ms)
			EditorAssembliesLoaded (0ms)
		ExecutionOrderSort2 (0ms)
		AwakeInstancesAfterBackupRestoration (7ms)
Refreshing native plugins compatible for Editor in 0.22 ms, found 2 plugins.
Preloading 0 native plugins for Editor in 0.00 ms.
Unloading 14 Unused Serialized files (Serialized files now loaded: 0)
Unloading 5976 unused Assets / (3.3 MB). Loaded Objects now: 7027.
Memory consumption went from 275.2 MB to 271.9 MB.
Total: 5.447375 ms (FindLiveObjects: 0.317083 ms CreateObjectMapping: 0.127042 ms MarkObjects: 3.773125 ms  DeleteObjects: 1.229958 ms)

Prepare: number of updated asset objects reloaded= 0
========================================================================
Received Prepare
Begin MonoManager ReloadAssembly
Thread 0x16b31b000 may have been prematurely finalized
- Loaded All Assemblies, in  0.348 seconds
Refreshing native plugins compatible for Editor in 0.22 ms, found 2 plugins.
Native extension for WindowsStandalone target not found
Native extension for OSXStandalone target not found
Native extension for WebGL target not found
Mono: successfully reloaded assembly
- Finished resetting the current domain, in  0.490 seconds
Domain Reload Profiling: 839ms
	BeginReloadAssembly (99ms)
		ExecutionOrderSort (0ms)
		DisableScriptedObjects (3ms)
		BackupInstance (0ms)
		ReleaseScriptingObjects (0ms)
		CreateAndSetChildDomain (44ms)
	RebuildCommonClasses (23ms)
	RebuildNativeTypeToScriptingClass (9ms)
	initialDomainReloadingComplete (12ms)
	LoadAllAssembliesAndSetupDomain (206ms)
		LoadAssemblies (130ms)
		RebuildTransferFunctionScriptingTraits (0ms)
		AnalyzeDomain (102ms)
			TypeCache.Refresh (5ms)
				TypeCache.ScanAssembly (0ms)
			BuildScriptInfoCaches (90ms)
			ResolveRequiredComponents (6ms)
	FinalizeReload (490ms)
		ReleaseScriptCaches (0ms)
		RebuildScriptCaches (0ms)
		SetupLoadedEditorAssemblies (379ms)
			LogAssemblyErrors (0ms)
			InitializePlatformSupportModulesInManaged (2ms)
			SetLoadedEditorAssemblies (3ms)
			BeforeProcessingInitializeOnLoad (57ms)
			ProcessInitializeOnLoadAttributes (288ms)
			ProcessInitializeOnLoadMethodAttributes (29ms)
			AfterProcessingInitializeOnLoad (1ms)
			EditorAssembliesLoaded (0ms)
		ExecutionOrderSort2 (0ms)
		AwakeInstancesAfterBackupRestoration (7ms)
Refreshing native plugins compatible for Editor in 0.22 ms, found 2 plugins.
Preloading 0 native plugins for Editor in 0.00 ms.
Unloading 14 Unused Serialized files (Serialized files now loaded: 0)
Unloading 5976 unused Assets / (3.9 MB). Loaded Objects now: 7029.
Memory consumption went from 273.5 MB to 269.5 MB.
Total: 5.328500 ms (FindLiveObjects: 0.321291 ms CreateObjectMapping: 0.117500 ms MarkObjects: 3.683417 ms  DeleteObjects: 1.205875 ms)

Prepare: number of updated asset objects reloaded= 0
========================================================================
Received Prepare
Begin MonoManager ReloadAssembly
Thread 0x16b31b000 may have been prematurely finalized
- Loaded All Assemblies, in  0.372 seconds
Refreshing native plugins compatible for Editor in 0.22 ms, found 2 plugins.
Native extension for WindowsStandalone target not found
Native extension for OSXStandalone target not found
Native extension for WebGL target not found
Mono: successfully reloaded assembly
- Finished resetting the current domain, in  0.498 seconds
Domain Reload Profiling: 873ms
	BeginReloadAssembly (101ms)
		ExecutionOrderSort (0ms)
		DisableScriptedObjects (3ms)
		BackupInstance (0ms)
		ReleaseScriptingObjects (0ms)
		CreateAndSetChildDomain (45ms)
	RebuildCommonClasses (23ms)
	RebuildNativeTypeToScriptingClass (9ms)
	initialDomainReloadingComplete (12ms)
	LoadAllAssembliesAndSetupDomain (230ms)
		LoadAssemblies (151ms)
		RebuildTransferFunctionScriptingTraits (0ms)
		AnalyzeDomain (105ms)
			TypeCache.Refresh (6ms)
				TypeCache.ScanAssembly (0ms)
			BuildScriptInfoCaches (92ms)
			ResolveRequiredComponents (6ms)
	FinalizeReload (499ms)
		ReleaseScriptCaches (0ms)
		RebuildScriptCaches (0ms)
		SetupLoadedEditorAssemblies (385ms)
			LogAssemblyErrors (0ms)
			InitializePlatformSupportModulesInManaged (2ms)
			SetLoadedEditorAssemblies (3ms)
			BeforeProcessingInitializeOnLoad (57ms)
			ProcessInitializeOnLoadAttributes (294ms)
			ProcessInitializeOnLoadMethodAttributes (29ms)
			AfterProcessingInitializeOnLoad (1ms)
			EditorAssembliesLoaded (0ms)
		ExecutionOrderSort2 (0ms)
		AwakeInstancesAfterBackupRestoration (7ms)
Refreshing native plugins compatible for Editor in 0.25 ms, found 2 plugins.
Preloading 0 native plugins for Editor in 0.00 ms.
Unloading 14 Unused Serialized files (Serialized files now loaded: 0)
Unloading 5976 unused Assets / (4.0 MB). Loaded Objects now: 7031.
Memory consumption went from 271.7 MB to 267.7 MB.
Total: 5.205666 ms (FindLiveObjects: 0.330417 ms CreateObjectMapping: 0.112875 ms MarkObjects: 3.607625 ms  DeleteObjects: 1.154541 ms)

Prepare: number of updated asset objects reloaded= 0
========================================================================
Received Prepare
Begin MonoManager ReloadAssembly
Thread 0x16b31b000 may have been prematurely finalized
- Loaded All Assemblies, in  0.350 seconds
Refreshing native plugins compatible for Editor in 0.23 ms, found 2 plugins.
Native extension for WindowsStandalone target not found
Native extension for OSXStandalone target not found
Native extension for WebGL target not found
Mono: successfully reloaded assembly
- Finished resetting the current domain, in  0.492 seconds
Domain Reload Profiling: 843ms
	BeginReloadAssembly (100ms)
		ExecutionOrderSort (0ms)
		DisableScriptedObjects (3ms)
		BackupInstance (0ms)
		ReleaseScriptingObjects (0ms)
		CreateAndSetChildDomain (44ms)
	RebuildCommonClasses (24ms)
	RebuildNativeTypeToScriptingClass (9ms)
	initialDomainReloadingComplete (11ms)
	LoadAllAssembliesAndSetupDomain (208ms)
		LoadAssemblies (132ms)
		RebuildTransferFunctionScriptingTraits (0ms)
		AnalyzeDomain (103ms)
			TypeCache.Refresh (5ms)
				TypeCache.ScanAssembly (0ms)
			BuildScriptInfoCaches (90ms)
			ResolveRequiredComponents (6ms)
	FinalizeReload (492ms)
		ReleaseScriptCaches (0ms)
		RebuildScriptCaches (0ms)
		SetupLoadedEditorAssemblies (381ms)
			LogAssemblyErrors (0ms)
			InitializePlatformSupportModulesInManaged (2ms)
			SetLoadedEditorAssemblies (3ms)
			BeforeProcessingInitializeOnLoad (58ms)
			ProcessInitializeOnLoadAttributes (288ms)
			ProcessInitializeOnLoadMethodAttributes (30ms)
			AfterProcessingInitializeOnLoad (1ms)
			EditorAssembliesLoaded (0ms)
		ExecutionOrderSort2 (0ms)
		AwakeInstancesAfterBackupRestoration (6ms)
Refreshing native plugins compatible for Editor in 0.25 ms, found 2 plugins.
Preloading 0 native plugins for Editor in 0.00 ms.
Unloading 14 Unused Serialized files (Serialized files now loaded: 0)
Unloading 5976 unused Assets / (3.8 MB). Loaded Objects now: 7033.
Memory consumption went from 269.9 MB to 266.2 MB.
Total: 5.701834 ms (FindLiveObjects: 0.337750 ms CreateObjectMapping: 0.136208 ms MarkObjects: 4.085125 ms  DeleteObjects: 1.142416 ms)

Prepare: number of updated asset objects reloaded= 0
